brand,item,price
Fendi,AW26 Zebra Ponyhair Limited Edition Baguette,4300
Chanel,Metiers D'art leopard jaquard flap,13400
Amina Muaddi,"Vittoria Slipper 105, Silver",1925
Chanel,Chanel coco beach cambon ballet flats,1750
Hermès,Le Petit Sac GHW,0
Hermès,Le Petit Sac PHW,0
Chanel,Suede bag 32cm,9000
Cartier,SANTOS DE CARTIER,0
Cartier,SANTOS DE CARTIER,0
Rolex,Rolex Oyster Perpetual 41,0
Rolex,"Rolex GMT-Master II ""Bruce Wayne""",0
Rolex,Rolex Cosmograph Daytona,0
Rolex,"Rolex Cosmograph Daytona ""Panda""",0
Rolex,Rolex Cosmograph Daytona Two-Tone,0
Chanel,Swimsuit Chanel Coco Beach 2026,1700
Chanel,Swimsuit Chanel Coco Beach 2026,1700
Chanel,Swimsuit Chanel Coco Beach 2026,1700
Hermès,Mini Kelly 20,26500
Rolex,Rolex Day-Date 36 Everose Gold,0
Rolex,Rolex GMT-Master II 126711CHNR,0
Rolex,Rolex Submariner Date 126613LB,0
Rolex,Rolex Datejust 31mm Oystersteel & Yellow Gold,0
Rolex,Rolex Daytona Oystersteel & Yellow Gold,0
Rolex,Rolex Oyster Perpetual 34 mm,0
