date,type,severity,series,brand,value,z,message
2026-09-30,breakout,high,fp.medianPrice,Cartier,2560,4.41,Cartier Fashionphile median price at 2560 is +10.58% vs its 35-day normal of 2315 (z=4.41).
2026-09-30,breakout,high,fp.listings,Bottega Veneta,526,-3.31,Bottega Veneta Fashionphile listings (tracked segment) at 526 is -8.52% vs its 22-day normal of 575 (z=-3.31).
2026-09-30,breakout,high,fp.listings,Prada,488,-3.11,Prada Fashionphile listings (tracked segment) at 488 is -10.95% vs its 22-day normal of 548 (z=-3.11).
2026-09-30,stale-source,high,stockx_goyard,,,,"Source ""stockx_goyard"" has returned identical data for 7 consecutive days (last change 2026-09-23)."
2026-09-30,breakout,medium,fp.medianPrice,Bottega Veneta,1505,-2.82,Bottega Veneta Fashionphile median price at 1505 is -5.64% vs its 22-day normal of 1595 (z=-2.82).
2026-09-30,breakout,medium,fp.listingsAll,Bottega Veneta,624,-2.54,Bottega Veneta Fashionphile listings (all categories) at 624 is -7.28% vs its 22-day normal of 673 (z=-2.54).
2026-09-30,breakout,medium,trends.interest,Chanel,2.2871,2.53,Chanel Google Trends relative interest at 2.2871 is +17.94% vs its 32-day normal of 1.94 (z=2.53).
2026-09-30,breakout,medium,fp.listingsAll,Chanel,6095,-2.28,Chanel Fashionphile listings (all categories) at 6095 is -9% vs its 58-day normal of 6697.5 (z=-2.28).
2026-09-30,breakout,medium,fp.medianPrice,Hermès,7195,2.28,Hermès Fashionphile median price at 7195 is +9.1% vs its 35-day normal of 6595 (z=2.28).
2026-09-30,breakout,medium,fp.listingsAll,Prada,648,-2.15,Prada Fashionphile listings (all categories) at 648 is -13.25% vs its 22-day normal of 747 (z=-2.15).
2026-09-30,stale-source,medium,search_volume,,,,"Source ""search_volume"" has returned identical data for 16 consecutive days (last change 2026-09-14)."
2026-09-30,weekly-move,medium,fp.daysToSell,Louis Vuitton,29,,Louis Vuitton Median days to sell moved -35.56% in 7 days to 29.
2026-09-30,weekly-move,medium,fp.daysToSell,Dior,15,,Dior Median days to sell moved -58.33% in 7 days to 15.
2026-09-30,weekly-move,medium,fp.daysToSell,The Row,29,,The Row Median days to sell moved +163.64% in 7 days to 29.
2026-09-30,weekly-move,medium,fp.daysToSell,Prada,34,,Prada Median days to sell moved +78.95% in 7 days to 34.
2026-09-30,systemic,medium,fp.turnover,,,,Daily sell-through % rose across 9 of 11 brands at once. A move that broad is usually a measurement or supply-side artifact rather than 9 separate market events.
2026-09-30,weekly-move,low,fp.daysToSell,Hermès,55,,Hermès Median days to sell moved -22.54% in 7 days to 55.
2026-09-30,weekly-move,low,fp.daysToSell,Goyard,36,,Goyard Median days to sell moved +16.13% in 7 days to 36.
2026-09-30,weekly-move,low,fp.daysToSell,Bottega Veneta,53,,Bottega Veneta Median days to sell moved +26.19% in 7 days to 53.
