date,brand,condition,count
2026-08-27,Hermès,Excellent,739
2026-08-27,Hermès,Shows Wear,515
2026-08-27,Hermès,Giftable,49
2026-08-27,Hermès,New,4
2026-08-27,Hermès,Worn,3
2026-08-27,Chanel,Excellent,2475
2026-08-27,Chanel,Shows Wear,1776
2026-08-27,Chanel,Giftable,198
2026-08-27,Chanel,New,84
2026-08-27,Chanel,Worn,19
2026-08-27,Louis Vuitton,Shows Wear,3828
2026-08-27,Louis Vuitton,Excellent,1865
2026-08-27,Louis Vuitton,Worn,41
2026-08-27,Louis Vuitton,Giftable,10
2026-08-27,Louis Vuitton,New,4
2026-08-27,Goyard,Excellent,186
2026-08-27,Goyard,Shows Wear,100
2026-08-27,Goyard,New,20
2026-08-27,Goyard,Giftable,1
2026-08-27,Dior,Excellent,446
2026-08-27,Dior,Shows Wear,392
2026-08-27,Dior,Worn,9
2026-08-27,Dior,New,3
2026-08-27,Fendi,Shows Wear,296
2026-08-27,Fendi,Excellent,257
2026-08-27,Fendi,Worn,6
2026-08-27,Fendi,New,3
2026-08-27,Fendi,Giftable,1
2026-08-27,The Row,Excellent,106
2026-08-27,The Row,Shows Wear,48
2026-08-27,The Row,New,2
2026-08-27,Cartier,Excellent,199
2026-08-27,Cartier,Shows Wear,178
2026-08-27,Cartier,Giftable,3
2026-08-27,Cartier,New,3
2026-08-27,Cartier,Worn,1
2026-08-28,Hermès,Excellent,741
2026-08-28,Hermès,Shows Wear,504
2026-08-28,Hermès,Giftable,49
2026-08-28,Hermès,New,5
2026-08-28,Hermès,Worn,3
2026-08-28,Chanel,Excellent,2480
2026-08-28,Chanel,Shows Wear,1753
2026-08-28,Chanel,Giftable,200
2026-08-28,Chanel,New,84
2026-08-28,Chanel,Worn,18
2026-08-28,Louis Vuitton,Shows Wear,3846
2026-08-28,Louis Vuitton,Excellent,1862
2026-08-28,Louis Vuitton,Worn,39
2026-08-28,Louis Vuitton,Giftable,9
2026-08-28,Louis Vuitton,New,2
2026-08-28,Goyard,Excellent,189
2026-08-28,Goyard,Shows Wear,99
2026-08-28,Goyard,New,18
2026-08-28,Goyard,Giftable,1
2026-08-28,Dior,Excellent,438
2026-08-28,Dior,Shows Wear,395
2026-08-28,Dior,Worn,9
2026-08-28,Dior,New,2
2026-08-28,Fendi,Shows Wear,292
2026-08-28,Fendi,Excellent,253
2026-08-28,Fendi,Worn,5
2026-08-28,Fendi,New,4
2026-08-28,Fendi,Giftable,1
2026-08-28,The Row,Excellent,106
2026-08-28,The Row,Shows Wear,49
2026-08-28,The Row,New,2
2026-08-28,Cartier,Excellent,212
2026-08-28,Cartier,Shows Wear,183
2026-08-28,Cartier,New,3
2026-08-28,Cartier,Giftable,2
2026-08-28,Cartier,Worn,2
2026-08-29,Hermès,Excellent,748
2026-08-29,Hermès,Shows Wear,512
2026-08-29,Hermès,Giftable,49
2026-08-29,Hermès,New,4
2026-08-29,Hermès,Worn,3
2026-08-29,Chanel,Excellent,2474
2026-08-29,Chanel,Shows Wear,1750
2026-08-29,Chanel,Giftable,197
2026-08-29,Chanel,New,85
2026-08-29,Chanel,Worn,18
2026-08-29,Louis Vuitton,Shows Wear,3847
2026-08-29,Louis Vuitton,Excellent,1896
2026-08-29,Louis Vuitton,Worn,38
2026-08-29,Louis Vuitton,Giftable,8
2026-08-29,Louis Vuitton,New,2
2026-08-29,Goyard,Excellent,192
2026-08-29,Goyard,Shows Wear,108
2026-08-29,Goyard,New,20
2026-08-29,Goyard,Giftable,1
2026-08-29,Dior,Excellent,434
2026-08-29,Dior,Shows Wear,395
2026-08-29,Dior,Worn,9
2026-08-29,Dior,New,2
2026-08-29,Fendi,Shows Wear,294
2026-08-29,Fendi,Excellent,252
2026-08-29,Fendi,Worn,5
2026-08-29,Fendi,New,3
2026-08-29,Fendi,Giftable,1
2026-08-29,The Row,Excellent,103
2026-08-29,The Row,Shows Wear,51
2026-08-29,The Row,New,2
2026-08-29,Cartier,Excellent,219
2026-08-29,Cartier,Shows Wear,191
2026-08-29,Cartier,Giftable,3
2026-08-29,Cartier,New,3
2026-08-29,Cartier,Worn,2
2026-08-30,Hermès,Excellent,735
2026-08-30,Hermès,Shows Wear,496
2026-08-30,Hermès,Giftable,48
2026-08-30,Hermès,New,4
2026-08-30,Hermès,Worn,3
2026-08-30,Chanel,Excellent,2460
2026-08-30,Chanel,Shows Wear,1729
2026-08-30,Chanel,Giftable,193
2026-08-30,Chanel,New,84
2026-08-30,Chanel,Worn,18
2026-08-30,Louis Vuitton,Shows Wear,3776
2026-08-30,Louis Vuitton,Excellent,1862
2026-08-30,Louis Vuitton,Worn,39
2026-08-30,Louis Vuitton,Giftable,9
2026-08-30,Louis Vuitton,New,2
2026-08-30,Goyard,Excellent,190
2026-08-30,Goyard,Shows Wear,107
2026-08-30,Goyard,New,20
2026-08-30,Goyard,Giftable,1
2026-08-30,Dior,Excellent,433
2026-08-30,Dior,Shows Wear,389
2026-08-30,Dior,Worn,10
2026-08-30,Dior,New,2
2026-08-30,Fendi,Shows Wear,289
2026-08-30,Fendi,Excellent,250
2026-08-30,Fendi,Worn,5
2026-08-30,Fendi,New,3
2026-08-30,Fendi,Giftable,1
2026-08-30,The Row,Excellent,102
2026-08-30,The Row,Shows Wear,50
2026-08-30,The Row,New,2
2026-08-30,Cartier,Excellent,219
2026-08-30,Cartier,Shows Wear,189
2026-08-30,Cartier,Giftable,3
2026-08-30,Cartier,New,3
2026-08-30,Cartier,Worn,2
2026-08-31,Hermès,Excellent,727
2026-08-31,Hermès,Shows Wear,496
2026-08-31,Hermès,Giftable,50
2026-08-31,Hermès,Worn,3
2026-08-31,Hermès,New,2
2026-08-31,Chanel,Excellent,2445
2026-08-31,Chanel,Shows Wear,1732
2026-08-31,Chanel,Giftable,189
2026-08-31,Chanel,New,82
2026-08-31,Chanel,Worn,18
2026-08-31,Louis Vuitton,Shows Wear,3719
2026-08-31,Louis Vuitton,Excellent,1835
2026-08-31,Louis Vuitton,Worn,39
2026-08-31,Louis Vuitton,Giftable,9
2026-08-31,Louis Vuitton,New,2
2026-08-31,Goyard,Excellent,190
2026-08-31,Goyard,Shows Wear,104
2026-08-31,Goyard,New,20
2026-08-31,Goyard,Giftable,1
2026-08-31,Dior,Excellent,431
2026-08-31,Dior,Shows Wear,383
2026-08-31,Dior,Worn,10
2026-08-31,Dior,New,2
2026-08-31,Fendi,Shows Wear,284
2026-08-31,Fendi,Excellent,246
2026-08-31,Fendi,Worn,6
2026-08-31,Fendi,Giftable,1
2026-08-31,Fendi,New,1
2026-08-31,The Row,Excellent,99
2026-08-31,The Row,Shows Wear,50
2026-08-31,The Row,New,2
2026-08-31,Cartier,Excellent,209
2026-08-31,Cartier,Shows Wear,185
2026-08-31,Cartier,Giftable,3
2026-08-31,Cartier,New,3
2026-08-31,Cartier,Worn,2
2026-09-01,Hermès,Excellent,744
2026-09-01,Hermès,Shows Wear,509
2026-09-01,Hermès,Giftable,56
2026-09-01,Hermès,New,3
2026-09-01,Hermès,Worn,3
2026-09-01,Chanel,Excellent,2459
2026-09-01,Chanel,Shows Wear,1737
2026-09-01,Chanel,Giftable,187
2026-09-01,Chanel,New,81
2026-09-01,Chanel,Worn,17
2026-09-01,Louis Vuitton,Shows Wear,3760
2026-09-01,Louis Vuitton,Excellent,1851
2026-09-01,Louis Vuitton,Worn,40
2026-09-01,Louis Vuitton,Giftable,9
2026-09-01,Louis Vuitton,New,2
2026-09-01,Goyard,Excellent,190
2026-09-01,Goyard,Shows Wear,104
2026-09-01,Goyard,New,20
2026-09-01,Goyard,Giftable,1
2026-09-01,Dior,Excellent,438
2026-09-01,Dior,Shows Wear,389
2026-09-01,Dior,Worn,10
2026-09-01,Dior,New,3
2026-09-01,Fendi,Shows Wear,284
2026-09-01,Fendi,Excellent,250
2026-09-01,Fendi,Worn,6
2026-09-01,Fendi,Giftable,1
2026-09-01,Fendi,New,1
2026-09-01,The Row,Excellent,105
2026-09-01,The Row,Shows Wear,50
2026-09-01,The Row,New,2
2026-09-01,Cartier,Excellent,200
2026-09-01,Cartier,Shows Wear,183
2026-09-01,Cartier,Giftable,3
2026-09-01,Cartier,New,3
2026-09-01,Cartier,Worn,2
2026-09-02,Hermès,Excellent,758
2026-09-02,Hermès,Shows Wear,516
2026-09-02,Hermès,Giftable,52
2026-09-02,Hermès,New,4
2026-09-02,Hermès,Worn,3
2026-09-02,Chanel,Excellent,2445
2026-09-02,Chanel,Shows Wear,1744
2026-09-02,Chanel,Giftable,183
2026-09-02,Chanel,New,81
2026-09-02,Chanel,Worn,17
2026-09-02,Louis Vuitton,Shows Wear,3777
2026-09-02,Louis Vuitton,Excellent,1863
2026-09-02,Louis Vuitton,Worn,40
2026-09-02,Louis Vuitton,Giftable,10
2026-09-02,Louis Vuitton,New,2
2026-09-02,Goyard,Excellent,186
2026-09-02,Goyard,Shows Wear,104
2026-09-02,Goyard,New,21
2026-09-02,Goyard,Giftable,1
2026-09-02,Dior,Excellent,446
2026-09-02,Dior,Shows Wear,394
2026-09-02,Dior,Worn,9
2026-09-02,Dior,New,3
2026-09-02,Fendi,Shows Wear,282
2026-09-02,Fendi,Excellent,245
2026-09-02,Fendi,Worn,6
2026-09-02,Fendi,Giftable,1
2026-09-02,Fendi,New,1
2026-09-02,The Row,Excellent,104
2026-09-02,The Row,Shows Wear,48
2026-09-02,The Row,New,2
2026-09-02,Cartier,Excellent,208
2026-09-02,Cartier,Shows Wear,183
2026-09-02,Cartier,Giftable,3
2026-09-02,Cartier,New,3
2026-09-02,Cartier,Worn,2
2026-09-03,Hermès,Excellent,775
2026-09-03,Hermès,Shows Wear,541
2026-09-03,Hermès,Giftable,55
2026-09-03,Hermès,New,5
2026-09-03,Hermès,Worn,3
2026-09-03,Chanel,Excellent,2453
2026-09-03,Chanel,Shows Wear,1779
2026-09-03,Chanel,Giftable,178
2026-09-03,Chanel,New,84
2026-09-03,Chanel,Worn,16
2026-09-03,Louis Vuitton,Shows Wear,3928
2026-09-03,Louis Vuitton,Excellent,1903
2026-09-03,Louis Vuitton,Worn,38
2026-09-03,Louis Vuitton,Giftable,9
2026-09-03,Louis Vuitton,New,2
2026-09-03,Goyard,Excellent,192
2026-09-03,Goyard,Shows Wear,109
2026-09-03,Goyard,New,22
2026-09-03,Goyard,Giftable,1
2026-09-03,Dior,Excellent,438
2026-09-03,Dior,Shows Wear,405
2026-09-03,Dior,Worn,9
2026-09-03,Dior,New,3
2026-09-03,Fendi,Shows Wear,289
2026-09-03,Fendi,Excellent,248
2026-09-03,Fendi,Worn,6
2026-09-03,Fendi,Giftable,1
2026-09-03,Fendi,New,1
2026-09-03,The Row,Excellent,103
2026-09-03,The Row,Shows Wear,50
2026-09-03,The Row,New,2
2026-09-03,Cartier,Excellent,205
2026-09-03,Cartier,Shows Wear,184
2026-09-03,Cartier,Giftable,3
2026-09-03,Cartier,New,3
2026-09-03,Cartier,Worn,2
2026-09-04,Hermès,Excellent,795
2026-09-04,Hermès,Shows Wear,540
2026-09-04,Hermès,Giftable,56
2026-09-04,Hermès,New,4
2026-09-04,Hermès,Worn,3
2026-09-04,Chanel,Excellent,2432
2026-09-04,Chanel,Shows Wear,1719
2026-09-04,Chanel,Giftable,176
2026-09-04,Chanel,New,82
2026-09-04,Chanel,Worn,15
2026-09-04,Louis Vuitton,Shows Wear,3882
2026-09-04,Louis Vuitton,Excellent,1929
2026-09-04,Louis Vuitton,Worn,35
2026-09-04,Louis Vuitton,Giftable,9
2026-09-04,Louis Vuitton,New,2
2026-09-04,Goyard,Excellent,196
2026-09-04,Goyard,Shows Wear,109
2026-09-04,Goyard,New,23
2026-09-04,Goyard,Giftable,1
2026-09-04,Dior,Excellent,456
2026-09-04,Dior,Shows Wear,391
2026-09-04,Dior,Worn,9
2026-09-04,Dior,New,3
2026-09-04,Fendi,Shows Wear,274
2026-09-04,Fendi,Excellent,252
2026-09-04,Fendi,Worn,7
2026-09-04,Fendi,Giftable,1
2026-09-04,Fendi,New,1
2026-09-04,The Row,Excellent,98
2026-09-04,The Row,Shows Wear,49
2026-09-04,The Row,New,2
2026-09-04,Cartier,Excellent,198
2026-09-04,Cartier,Shows Wear,184
2026-09-04,Cartier,Giftable,3
2026-09-04,Cartier,New,3
2026-09-04,Cartier,Worn,2
2026-09-05,Hermès,Excellent,788
2026-09-05,Hermès,Shows Wear,542
2026-09-05,Hermès,Giftable,55
2026-09-05,Hermès,New,3
2026-09-05,Hermès,Worn,3
2026-09-05,Chanel,Excellent,2384
2026-09-05,Chanel,Shows Wear,1694
2026-09-05,Chanel,Giftable,177
2026-09-05,Chanel,New,79
2026-09-05,Chanel,Worn,17
2026-09-05,Louis Vuitton,Shows Wear,3881
2026-09-05,Louis Vuitton,Excellent,1930
2026-09-05,Louis Vuitton,Worn,35
2026-09-05,Louis Vuitton,Giftable,9
2026-09-05,Louis Vuitton,New,2
2026-09-05,Goyard,Excellent,189
2026-09-05,Goyard,Shows Wear,106
2026-09-05,Goyard,New,23
2026-09-05,Goyard,Giftable,1
2026-09-05,Dior,Excellent,456
2026-09-05,Dior,Shows Wear,391
2026-09-05,Dior,Worn,10
2026-09-05,Dior,New,3
2026-09-05,Fendi,Shows Wear,268
2026-09-05,Fendi,Excellent,248
2026-09-05,Fendi,Worn,6
2026-09-05,Fendi,New,2
2026-09-05,Fendi,Giftable,1
2026-09-05,The Row,Excellent,94
2026-09-05,The Row,Shows Wear,51
2026-09-05,The Row,New,2
2026-09-05,Cartier,Excellent,191
2026-09-05,Cartier,Shows Wear,180
2026-09-05,Cartier,New,3
2026-09-05,Cartier,Giftable,2
2026-09-05,Cartier,Worn,2
2026-09-06,Hermès,Excellent,774
2026-09-06,Hermès,Shows Wear,530
2026-09-06,Hermès,Giftable,55
2026-09-06,Hermès,New,3
2026-09-06,Hermès,Worn,3
2026-09-06,Chanel,Excellent,2369
2026-09-06,Chanel,Shows Wear,1670
2026-09-06,Chanel,Giftable,176
2026-09-06,Chanel,New,78
2026-09-06,Chanel,Worn,16
2026-09-06,Louis Vuitton,Shows Wear,3814
2026-09-06,Louis Vuitton,Excellent,1897
2026-09-06,Louis Vuitton,Worn,34
2026-09-06,Louis Vuitton,Giftable,9
2026-09-06,Louis Vuitton,New,2
2026-09-06,Goyard,Excellent,187
2026-09-06,Goyard,Shows Wear,106
2026-09-06,Goyard,New,23
2026-09-06,Goyard,Giftable,1
2026-09-06,Dior,Excellent,445
2026-09-06,Dior,Shows Wear,382
2026-09-06,Dior,Worn,10
2026-09-06,Dior,New,3
2026-09-06,Fendi,Shows Wear,261
2026-09-06,Fendi,Excellent,242
2026-09-06,Fendi,Worn,7
2026-09-06,Fendi,Giftable,1
2026-09-06,Fendi,New,1
2026-09-06,The Row,Excellent,90
2026-09-06,The Row,Shows Wear,47
2026-09-06,The Row,New,2
2026-09-06,Cartier,Excellent,189
2026-09-06,Cartier,Shows Wear,171
2026-09-06,Cartier,Giftable,2
2026-09-06,Cartier,New,2
2026-09-06,Cartier,Worn,2
2026-09-07,Hermès,Excellent,750
2026-09-07,Hermès,Shows Wear,527
2026-09-07,Hermès,Giftable,54
2026-09-07,Hermès,New,4
2026-09-07,Hermès,Worn,3
2026-09-07,Chanel,Excellent,2358
2026-09-07,Chanel,Shows Wear,1645
2026-09-07,Chanel,Giftable,171
2026-09-07,Chanel,New,78
2026-09-07,Chanel,Worn,15
2026-09-07,Louis Vuitton,Shows Wear,3736
2026-09-07,Louis Vuitton,Excellent,1845
2026-09-07,Louis Vuitton,Worn,33
2026-09-07,Louis Vuitton,Giftable,9
2026-09-07,Louis Vuitton,New,2
2026-09-07,Goyard,Excellent,184
2026-09-07,Goyard,Shows Wear,104
2026-09-07,Goyard,New,24
2026-09-07,Goyard,Giftable,1
2026-09-07,Dior,Excellent,437
2026-09-07,Dior,Shows Wear,377
2026-09-07,Dior,Worn,9
2026-09-07,Dior,New,3
2026-09-07,Fendi,Shows Wear,257
2026-09-07,Fendi,Excellent,238
2026-09-07,Fendi,Worn,6
2026-09-07,Fendi,Giftable,1
2026-09-07,Fendi,New,1
2026-09-07,The Row,Excellent,87
2026-09-07,The Row,Shows Wear,47
2026-09-07,The Row,New,2
2026-09-07,Cartier,Excellent,182
2026-09-07,Cartier,Shows Wear,169
2026-09-07,Cartier,Giftable,2
2026-09-07,Cartier,New,2
2026-09-07,Cartier,Worn,2
2026-09-08,Hermès,Excellent,731
2026-09-08,Hermès,Shows Wear,503
2026-09-08,Hermès,Giftable,52
2026-09-08,Hermès,New,4
2026-09-08,Hermès,Worn,3
2026-09-08,Chanel,Excellent,2276
2026-09-08,Chanel,Shows Wear,1583
2026-09-08,Chanel,Giftable,163
2026-09-08,Chanel,New,77
2026-09-08,Chanel,Worn,14
2026-09-08,Louis Vuitton,Shows Wear,3577
2026-09-08,Louis Vuitton,Excellent,1767
2026-09-08,Louis Vuitton,Worn,33
2026-09-08,Louis Vuitton,Giftable,8
2026-09-08,Louis Vuitton,New,2
2026-09-08,Goyard,Excellent,175
2026-09-08,Goyard,Shows Wear,102
2026-09-08,Goyard,New,22
2026-09-08,Goyard,Giftable,1
2026-09-08,Dior,Excellent,418
2026-09-08,Dior,Shows Wear,354
2026-09-08,Dior,Worn,7
2026-09-08,Dior,New,2
2026-09-08,Fendi,Shows Wear,241
2026-09-08,Fendi,Excellent,229
2026-09-08,Fendi,Worn,6
2026-09-08,Fendi,Giftable,1
2026-09-08,Fendi,New,1
2026-09-08,The Row,Excellent,85
2026-09-08,The Row,Shows Wear,45
2026-09-08,The Row,New,2
2026-09-08,Cartier,Excellent,179
2026-09-08,Cartier,Shows Wear,165
2026-09-08,Cartier,Giftable,2
2026-09-08,Cartier,New,2
2026-09-08,Cartier,Worn,2
2026-09-09,Hermès,Excellent,713
2026-09-09,Hermès,Shows Wear,509
2026-09-09,Hermès,Giftable,53
2026-09-09,Hermès,New,5
2026-09-09,Hermès,Worn,3
2026-09-09,Chanel,Excellent,2297
2026-09-09,Chanel,Shows Wear,1593
2026-09-09,Chanel,Giftable,158
2026-09-09,Chanel,New,71
2026-09-09,Chanel,Worn,13
2026-09-09,The Row,Excellent,87
2026-09-09,The Row,Shows Wear,42
2026-09-09,The Row,New,2
2026-09-09,Louis Vuitton,Shows Wear,3680
2026-09-09,Louis Vuitton,Excellent,1797
2026-09-09,Louis Vuitton,Worn,31
2026-09-09,Louis Vuitton,Giftable,8
2026-09-09,Louis Vuitton,New,2
2026-09-09,Goyard,Excellent,176
2026-09-09,Goyard,Shows Wear,108
2026-09-09,Goyard,New,17
2026-09-09,Goyard,Giftable,1
2026-09-09,Dior,Excellent,424
2026-09-09,Dior,Shows Wear,361
2026-09-09,Dior,Worn,7
2026-09-09,Dior,New,2
2026-09-09,Cartier,Shows Wear,219
2026-09-09,Cartier,Excellent,195
2026-09-09,Cartier,Giftable,4
2026-09-09,Cartier,New,2
2026-09-09,Cartier,Worn,2
2026-09-09,Prada,Shows Wear,296
2026-09-09,Prada,Excellent,238
2026-09-09,Prada,New,4
2026-09-09,Prada,Worn,2
2026-09-09,Prada,Giftable,1
2026-09-09,Bottega Veneta,Excellent,398
2026-09-09,Bottega Veneta,Shows Wear,186
2026-09-09,Bottega Veneta,New,2
2026-09-09,Bottega Veneta,Worn,1
2026-09-09,Celine,Excellent,280
2026-09-09,Celine,Shows Wear,242
2026-09-09,Celine,New,3
2026-09-09,Celine,Worn,2
2026-09-10,Hermès,Excellent,723
2026-09-10,Hermès,Shows Wear,516
2026-09-10,Hermès,Giftable,54
2026-09-10,Hermès,New,5
2026-09-10,Hermès,Worn,3
2026-09-10,Chanel,Excellent,2351
2026-09-10,Chanel,Shows Wear,1628
2026-09-10,Chanel,Giftable,159
2026-09-10,Chanel,New,74
2026-09-10,Chanel,Worn,13
2026-09-10,The Row,Excellent,93
2026-09-10,The Row,Shows Wear,41
2026-09-10,The Row,New,2
2026-09-10,Louis Vuitton,Shows Wear,3884
2026-09-10,Louis Vuitton,Excellent,1876
2026-09-10,Louis Vuitton,Worn,34
2026-09-10,Louis Vuitton,Giftable,7
2026-09-10,Louis Vuitton,New,2
2026-09-10,Goyard,Excellent,178
2026-09-10,Goyard,Shows Wear,106
2026-09-10,Goyard,New,17
2026-09-10,Goyard,Giftable,1
2026-09-10,Dior,Excellent,442
2026-09-10,Dior,Shows Wear,377
2026-09-10,Dior,Worn,7
2026-09-10,Dior,New,3
2026-09-10,Cartier,Shows Wear,228
2026-09-10,Cartier,Excellent,206
2026-09-10,Cartier,Giftable,4
2026-09-10,Cartier,New,2
2026-09-10,Cartier,Worn,1
2026-09-10,Prada,Shows Wear,302
2026-09-10,Prada,Excellent,253
2026-09-10,Prada,New,4
2026-09-10,Prada,Worn,2
2026-09-10,Prada,Giftable,1
2026-09-10,Bottega Veneta,Excellent,398
2026-09-10,Bottega Veneta,Shows Wear,196
2026-09-10,Bottega Veneta,New,2
2026-09-10,Bottega Veneta,Worn,1
2026-09-10,Celine,Excellent,291
2026-09-10,Celine,Shows Wear,244
2026-09-10,Celine,New,4
2026-09-10,Celine,Worn,2
2026-09-11,Hermès,Excellent,731
2026-09-11,Hermès,Shows Wear,516
2026-09-11,Hermès,Giftable,56
2026-09-11,Hermès,New,6
2026-09-11,Hermès,Worn,3
2026-09-11,Chanel,Excellent,2339
2026-09-11,Chanel,Shows Wear,1569
2026-09-11,Chanel,Giftable,155
2026-09-11,Chanel,New,73
2026-09-11,Chanel,Worn,13
2026-09-11,The Row,Excellent,95
2026-09-11,The Row,Shows Wear,47
2026-09-11,The Row,New,2
2026-09-11,Louis Vuitton,Shows Wear,3903
2026-09-11,Louis Vuitton,Excellent,1889
2026-09-11,Louis Vuitton,Worn,41
2026-09-11,Louis Vuitton,Giftable,6
2026-09-11,Louis Vuitton,New,2
2026-09-11,Goyard,Excellent,181
2026-09-11,Goyard,Shows Wear,104
2026-09-11,Goyard,New,16
2026-09-11,Goyard,Giftable,1
2026-09-11,Dior,Excellent,439
2026-09-11,Dior,Shows Wear,364
2026-09-11,Dior,Worn,6
2026-09-11,Dior,New,3
2026-09-11,Cartier,Shows Wear,218
2026-09-11,Cartier,Excellent,198
2026-09-11,Cartier,Giftable,4
2026-09-11,Cartier,New,2
2026-09-11,Cartier,Worn,1
2026-09-11,Prada,Shows Wear,299
2026-09-11,Prada,Excellent,253
2026-09-11,Prada,New,4
2026-09-11,Prada,Worn,2
2026-09-11,Prada,Giftable,1
2026-09-11,Bottega Veneta,Excellent,383
2026-09-11,Bottega Veneta,Shows Wear,190
2026-09-11,Bottega Veneta,New,2
2026-09-11,Bottega Veneta,Worn,2
2026-09-11,Celine,Excellent,288
2026-09-11,Celine,Shows Wear,237
2026-09-11,Celine,Worn,3
2026-09-11,Celine,New,2
2026-09-12,Hermès,Excellent,731
2026-09-12,Hermès,Shows Wear,516
2026-09-12,Hermès,Giftable,53
2026-09-12,Hermès,New,6
2026-09-12,Hermès,Worn,3
2026-09-12,Chanel,Excellent,2343
2026-09-12,Chanel,Shows Wear,1574
2026-09-12,Chanel,Giftable,157
2026-09-12,Chanel,New,73
2026-09-12,Chanel,Worn,13
2026-09-12,The Row,Excellent,94
2026-09-12,The Row,Shows Wear,48
2026-09-12,The Row,New,2
2026-09-12,Louis Vuitton,Shows Wear,3892
2026-09-12,Louis Vuitton,Excellent,1893
2026-09-12,Louis Vuitton,Worn,42
2026-09-12,Louis Vuitton,Giftable,6
2026-09-12,Louis Vuitton,New,2
2026-09-12,Goyard,Excellent,178
2026-09-12,Goyard,Shows Wear,106
2026-09-12,Goyard,New,18
2026-09-12,Goyard,Giftable,1
2026-09-12,Dior,Excellent,435
2026-09-12,Dior,Shows Wear,362
2026-09-12,Dior,Worn,6
2026-09-12,Dior,New,3
2026-09-12,Cartier,Shows Wear,217
2026-09-12,Cartier,Excellent,189
2026-09-12,Cartier,Giftable,3
2026-09-12,Cartier,New,2
2026-09-12,Cartier,Worn,1
2026-09-12,Prada,Shows Wear,305
2026-09-12,Prada,Excellent,252
2026-09-12,Prada,New,4
2026-09-12,Prada,Worn,2
2026-09-12,Prada,Giftable,1
2026-09-12,Bottega Veneta,Excellent,378
2026-09-12,Bottega Veneta,Shows Wear,193
2026-09-12,Bottega Veneta,New,2
2026-09-12,Bottega Veneta,Worn,2
2026-09-12,Celine,Excellent,283
2026-09-12,Celine,Shows Wear,239
2026-09-12,Celine,Worn,4
2026-09-12,Celine,New,2
2026-09-13,Hermès,Excellent,726
2026-09-13,Hermès,Shows Wear,512
2026-09-13,Hermès,Giftable,50
2026-09-13,Hermès,New,6
2026-09-13,Hermès,Worn,3
2026-09-13,Chanel,Excellent,2322
2026-09-13,Chanel,Shows Wear,1538
2026-09-13,Chanel,Giftable,152
2026-09-13,Chanel,New,73
2026-09-13,Chanel,Worn,13
2026-09-13,The Row,Excellent,94
2026-09-13,The Row,Shows Wear,48
2026-09-13,The Row,New,2
2026-09-13,Louis Vuitton,Shows Wear,3820
2026-09-13,Louis Vuitton,Excellent,1866
2026-09-13,Louis Vuitton,Worn,42
2026-09-13,Louis Vuitton,Giftable,6
2026-09-13,Louis Vuitton,New,2
2026-09-13,Goyard,Excellent,177
2026-09-13,Goyard,Shows Wear,107
2026-09-13,Goyard,New,18
2026-09-13,Goyard,Giftable,1
2026-09-13,Dior,Excellent,429
2026-09-13,Dior,Shows Wear,357
2026-09-13,Dior,Worn,6
2026-09-13,Dior,New,3
2026-09-13,Cartier,Shows Wear,211
2026-09-13,Cartier,Excellent,186
2026-09-13,Cartier,Giftable,2
2026-09-13,Cartier,New,2
2026-09-13,Cartier,Worn,1
2026-09-13,Prada,Shows Wear,301
2026-09-13,Prada,Excellent,253
2026-09-13,Prada,New,4
2026-09-13,Prada,Worn,2
2026-09-13,Prada,Giftable,1
2026-09-13,Bottega Veneta,Excellent,375
2026-09-13,Bottega Veneta,Shows Wear,186
2026-09-13,Bottega Veneta,New,2
2026-09-13,Bottega Veneta,Worn,2
2026-09-13,Celine,Excellent,281
2026-09-13,Celine,Shows Wear,233
2026-09-13,Celine,Worn,4
2026-09-13,Celine,New,2
2026-09-14,Hermès,Excellent,727
2026-09-14,Hermès,Shows Wear,506
2026-09-14,Hermès,Giftable,51
2026-09-14,Hermès,New,5
2026-09-14,Hermès,Worn,3
2026-09-14,Chanel,Excellent,2310
2026-09-14,Chanel,Shows Wear,1522
2026-09-14,Chanel,Giftable,150
2026-09-14,Chanel,New,75
2026-09-14,Chanel,Worn,13
2026-09-14,The Row,Excellent,95
2026-09-14,The Row,Shows Wear,49
2026-09-14,The Row,New,2
2026-09-14,Louis Vuitton,Shows Wear,3787
2026-09-14,Louis Vuitton,Excellent,1830
2026-09-14,Louis Vuitton,Worn,43
2026-09-14,Louis Vuitton,Giftable,7
2026-09-14,Louis Vuitton,New,2
2026-09-14,Goyard,Excellent,169
2026-09-14,Goyard,Shows Wear,105
2026-09-14,Goyard,New,18
2026-09-14,Goyard,Giftable,1
2026-09-14,Dior,Excellent,422
2026-09-14,Dior,Shows Wear,360
2026-09-14,Dior,Worn,7
2026-09-14,Dior,New,3
2026-09-14,Cartier,Shows Wear,216
2026-09-14,Cartier,Excellent,191
2026-09-14,Cartier,Giftable,3
2026-09-14,Cartier,New,2
2026-09-14,Cartier,Worn,1
2026-09-14,Prada,Shows Wear,297
2026-09-14,Prada,Excellent,251
2026-09-14,Prada,New,5
2026-09-14,Prada,Worn,2
2026-09-14,Prada,Giftable,1
2026-09-14,Bottega Veneta,Excellent,373
2026-09-14,Bottega Veneta,Shows Wear,191
2026-09-14,Bottega Veneta,New,2
2026-09-14,Bottega Veneta,Worn,2
2026-09-14,Celine,Excellent,274
2026-09-14,Celine,Shows Wear,233
2026-09-14,Celine,Worn,4
2026-09-14,Celine,New,3
2026-09-15,Hermès,Excellent,740
2026-09-15,Hermès,Shows Wear,508
2026-09-15,Hermès,Giftable,54
2026-09-15,Hermès,New,5
2026-09-15,Hermès,Worn,3
2026-09-15,Chanel,Excellent,2331
2026-09-15,Chanel,Shows Wear,1550
2026-09-15,Chanel,Giftable,150
2026-09-15,Chanel,New,73
2026-09-15,Chanel,Worn,14
2026-09-15,The Row,Excellent,99
2026-09-15,The Row,Shows Wear,49
2026-09-15,The Row,New,2
2026-09-15,Louis Vuitton,Shows Wear,3833
2026-09-15,Louis Vuitton,Excellent,1860
2026-09-15,Louis Vuitton,Worn,44
2026-09-15,Louis Vuitton,Giftable,8
2026-09-15,Louis Vuitton,New,2
2026-09-15,Goyard,Excellent,175
2026-09-15,Goyard,Shows Wear,103
2026-09-15,Goyard,New,19
2026-09-15,Goyard,Giftable,1
2026-09-15,Dior,Excellent,428
2026-09-15,Dior,Shows Wear,363
2026-09-15,Dior,Worn,7
2026-09-15,Dior,New,2
2026-09-15,Cartier,Shows Wear,212
2026-09-15,Cartier,Excellent,200
2026-09-15,Cartier,Giftable,3
2026-09-15,Cartier,New,2
2026-09-15,Cartier,Worn,1
2026-09-15,Prada,Shows Wear,310
2026-09-15,Prada,Excellent,256
2026-09-15,Prada,New,5
2026-09-15,Prada,Worn,2
2026-09-15,Prada,Giftable,1
2026-09-15,Bottega Veneta,Excellent,389
2026-09-15,Bottega Veneta,Shows Wear,192
2026-09-15,Bottega Veneta,New,2
2026-09-15,Bottega Veneta,Worn,2
2026-09-15,Celine,Excellent,274
2026-09-15,Celine,Shows Wear,226
2026-09-15,Celine,Worn,4
2026-09-15,Celine,New,3
2026-09-16,Hermès,Excellent,742
2026-09-16,Hermès,Shows Wear,512
2026-09-16,Hermès,Giftable,54
2026-09-16,Hermès,New,6
2026-09-16,Hermès,Worn,4
2026-09-16,Chanel,Excellent,2343
2026-09-16,Chanel,Shows Wear,1539
2026-09-16,Chanel,Giftable,161
2026-09-16,Chanel,New,72
2026-09-16,Chanel,Worn,14
2026-09-16,The Row,Excellent,95
2026-09-16,The Row,Shows Wear,49
2026-09-16,The Row,New,2
2026-09-16,Louis Vuitton,Shows Wear,3904
2026-09-16,Louis Vuitton,Excellent,1877
2026-09-16,Louis Vuitton,Worn,44
2026-09-16,Louis Vuitton,Giftable,7
2026-09-16,Louis Vuitton,New,2
2026-09-16,Goyard,Excellent,169
2026-09-16,Goyard,Shows Wear,99
2026-09-16,Goyard,New,16
2026-09-16,Goyard,Giftable,1
2026-09-16,Dior,Excellent,435
2026-09-16,Dior,Shows Wear,354
2026-09-16,Dior,Worn,7
2026-09-16,Dior,New,2
2026-09-16,Cartier,Shows Wear,211
2026-09-16,Cartier,Excellent,209
2026-09-16,Cartier,New,3
2026-09-16,Cartier,Giftable,2
2026-09-16,Cartier,Worn,1
2026-09-16,Prada,Shows Wear,307
2026-09-16,Prada,Excellent,250
2026-09-16,Prada,New,5
2026-09-16,Prada,Worn,2
2026-09-16,Prada,Giftable,1
2026-09-16,Bottega Veneta,Excellent,378
2026-09-16,Bottega Veneta,Shows Wear,188
2026-09-16,Bottega Veneta,New,2
2026-09-16,Bottega Veneta,Worn,2
2026-09-16,Celine,Excellent,270
2026-09-16,Celine,Shows Wear,226
2026-09-16,Celine,Worn,4
2026-09-16,Celine,New,3
2026-09-17,Hermès,Excellent,739
2026-09-17,Hermès,Shows Wear,497
2026-09-17,Hermès,Giftable,53
2026-09-17,Hermès,New,6
2026-09-17,Hermès,Worn,4
2026-09-17,Chanel,Excellent,2311
2026-09-17,Chanel,Shows Wear,1485
2026-09-17,Chanel,Giftable,160
2026-09-17,Chanel,New,72
2026-09-17,Chanel,Worn,13
2026-09-17,The Row,Excellent,94
2026-09-17,The Row,Shows Wear,49
2026-09-17,The Row,New,2
2026-09-17,Louis Vuitton,Shows Wear,3873
2026-09-17,Louis Vuitton,Excellent,1886
2026-09-17,Louis Vuitton,Worn,45
2026-09-17,Louis Vuitton,Giftable,6
2026-09-17,Louis Vuitton,New,2
2026-09-17,Goyard,Excellent,170
2026-09-17,Goyard,Shows Wear,95
2026-09-17,Goyard,New,16
2026-09-17,Goyard,Giftable,1
2026-09-17,Dior,Excellent,420
2026-09-17,Dior,Shows Wear,354
2026-09-17,Dior,Worn,5
2026-09-17,Dior,New,3
2026-09-17,Cartier,Excellent,212
2026-09-17,Cartier,Shows Wear,206
2026-09-17,Cartier,Giftable,3
2026-09-17,Cartier,New,3
2026-09-17,Cartier,Worn,1
2026-09-17,Prada,Shows Wear,292
2026-09-17,Prada,Excellent,251
2026-09-17,Prada,New,5
2026-09-17,Prada,Worn,2
2026-09-17,Prada,Giftable,1
2026-09-17,Bottega Veneta,Excellent,388
2026-09-17,Bottega Veneta,Shows Wear,184
2026-09-17,Bottega Veneta,New,2
2026-09-17,Bottega Veneta,Worn,2
2026-09-17,Celine,Excellent,266
2026-09-17,Celine,Shows Wear,218
2026-09-17,Celine,Worn,4
2026-09-17,Celine,New,3
2026-09-18,Hermès,Excellent,756
2026-09-18,Hermès,Shows Wear,504
2026-09-18,Hermès,Giftable,58
2026-09-18,Hermès,New,6
2026-09-18,Hermès,Worn,4
2026-09-18,Chanel,Excellent,2326
2026-09-18,Chanel,Shows Wear,1468
2026-09-18,Chanel,Giftable,162
2026-09-18,Chanel,New,71
2026-09-18,Chanel,Worn,13
2026-09-18,The Row,Excellent,97
2026-09-18,The Row,Shows Wear,51
2026-09-18,The Row,New,2
2026-09-18,Louis Vuitton,Shows Wear,3899
2026-09-18,Louis Vuitton,Excellent,1890
2026-09-18,Louis Vuitton,Worn,43
2026-09-18,Louis Vuitton,Giftable,6
2026-09-18,Louis Vuitton,New,3
2026-09-18,Goyard,Excellent,176
2026-09-18,Goyard,Shows Wear,93
2026-09-18,Goyard,New,18
2026-09-18,Goyard,Giftable,1
2026-09-18,Dior,Excellent,424
2026-09-18,Dior,Shows Wear,357
2026-09-18,Dior,Worn,5
2026-09-18,Dior,New,3
2026-09-18,Cartier,Excellent,213
2026-09-18,Cartier,Shows Wear,206
2026-09-18,Cartier,Giftable,4
2026-09-18,Cartier,New,2
2026-09-18,Cartier,Worn,1
2026-09-18,Prada,Shows Wear,288
2026-09-18,Prada,Excellent,258
2026-09-18,Prada,New,5
2026-09-18,Prada,Worn,2
2026-09-18,Prada,Giftable,1
2026-09-18,Bottega Veneta,Excellent,395
2026-09-18,Bottega Veneta,Shows Wear,189
2026-09-18,Bottega Veneta,Worn,3
2026-09-18,Bottega Veneta,New,2
2026-09-18,Celine,Excellent,264
2026-09-18,Celine,Shows Wear,217
2026-09-18,Celine,Worn,4
2026-09-18,Celine,New,2
2026-09-19,Hermès,Excellent,750
2026-09-19,Hermès,Shows Wear,498
2026-09-19,Hermès,Giftable,57
2026-09-19,Hermès,New,6
2026-09-19,Hermès,Worn,4
2026-09-19,Chanel,Excellent,2331
2026-09-19,Chanel,Shows Wear,1465
2026-09-19,Chanel,Giftable,161
2026-09-19,Chanel,New,72
2026-09-19,Chanel,Worn,12
2026-09-19,The Row,Excellent,92
2026-09-19,The Row,Shows Wear,52
2026-09-19,The Row,New,2
2026-09-19,Louis Vuitton,Shows Wear,3896
2026-09-19,Louis Vuitton,Excellent,1891
2026-09-19,Louis Vuitton,Worn,45
2026-09-19,Louis Vuitton,Giftable,5
2026-09-19,Louis Vuitton,New,3
2026-09-19,Goyard,Excellent,173
2026-09-19,Goyard,Shows Wear,94
2026-09-19,Goyard,New,18
2026-09-19,Goyard,Giftable,1
2026-09-19,Dior,Excellent,430
2026-09-19,Dior,Shows Wear,360
2026-09-19,Dior,Worn,5
2026-09-19,Dior,New,3
2026-09-19,Cartier,Excellent,207
2026-09-19,Cartier,Shows Wear,205
2026-09-19,Cartier,Giftable,3
2026-09-19,Cartier,New,2
2026-09-19,Cartier,Worn,1
2026-09-19,Prada,Shows Wear,286
2026-09-19,Prada,Excellent,254
2026-09-19,Prada,New,5
2026-09-19,Prada,Worn,2
2026-09-19,Prada,Giftable,1
2026-09-19,Bottega Veneta,Excellent,393
2026-09-19,Bottega Veneta,Shows Wear,187
2026-09-19,Bottega Veneta,Worn,3
2026-09-19,Bottega Veneta,New,2
2026-09-19,Celine,Excellent,266
2026-09-19,Celine,Shows Wear,222
2026-09-19,Celine,Worn,4
2026-09-19,Celine,New,2
2026-09-20,Hermès,Excellent,752
2026-09-20,Hermès,Shows Wear,506
2026-09-20,Hermès,Giftable,54
2026-09-20,Hermès,New,6
2026-09-20,Hermès,Worn,4
2026-09-20,Chanel,Excellent,2312
2026-09-20,Chanel,Shows Wear,1445
2026-09-20,Chanel,Giftable,161
2026-09-20,Chanel,New,71
2026-09-20,Chanel,Worn,12
2026-09-20,The Row,Excellent,89
2026-09-20,The Row,Shows Wear,51
2026-09-20,The Row,New,1
2026-09-20,Louis Vuitton,Shows Wear,3816
2026-09-20,Louis Vuitton,Excellent,1849
2026-09-20,Louis Vuitton,Worn,45
2026-09-20,Louis Vuitton,Giftable,5
2026-09-20,Louis Vuitton,New,2
2026-09-20,Goyard,Excellent,171
2026-09-20,Goyard,Shows Wear,92
2026-09-20,Goyard,New,18
2026-09-20,Goyard,Giftable,1
2026-09-20,Dior,Excellent,425
2026-09-20,Dior,Shows Wear,359
2026-09-20,Dior,Worn,5
2026-09-20,Dior,New,3
2026-09-20,Cartier,Shows Wear,202
2026-09-20,Cartier,Excellent,191
2026-09-20,Cartier,Giftable,3
2026-09-20,Cartier,New,2
2026-09-20,Cartier,Worn,1
2026-09-20,Prada,Shows Wear,283
2026-09-20,Prada,Excellent,251
2026-09-20,Prada,New,5
2026-09-20,Prada,Worn,2
2026-09-20,Prada,Giftable,1
2026-09-20,Bottega Veneta,Excellent,383
2026-09-20,Bottega Veneta,Shows Wear,182
2026-09-20,Bottega Veneta,New,2
2026-09-20,Bottega Veneta,Worn,2
2026-09-20,Celine,Excellent,258
2026-09-20,Celine,Shows Wear,216
2026-09-20,Celine,Worn,4
2026-09-20,Celine,New,2
2026-09-21,Hermès,Excellent,746
2026-09-21,Hermès,Shows Wear,486
2026-09-21,Hermès,Giftable,52
2026-09-21,Hermès,New,6
2026-09-21,Hermès,Worn,4
2026-09-21,Chanel,Excellent,2258
2026-09-21,Chanel,Shows Wear,1424
2026-09-21,Chanel,Giftable,157
2026-09-21,Chanel,New,73
2026-09-21,Chanel,Worn,12
2026-09-21,The Row,Excellent,94
2026-09-21,The Row,Shows Wear,52
2026-09-21,The Row,New,1
2026-09-21,Louis Vuitton,Shows Wear,3750
2026-09-21,Louis Vuitton,Excellent,1794
2026-09-21,Louis Vuitton,Worn,43
2026-09-21,Louis Vuitton,Giftable,4
2026-09-21,Louis Vuitton,New,1
2026-09-21,Goyard,Excellent,160
2026-09-21,Goyard,Shows Wear,89
2026-09-21,Goyard,New,18
2026-09-21,Goyard,Giftable,1
2026-09-21,Dior,Excellent,412
2026-09-21,Dior,Shows Wear,352
2026-09-21,Dior,Worn,5
2026-09-21,Dior,New,3
2026-09-21,Cartier,Shows Wear,201
2026-09-21,Cartier,Excellent,187
2026-09-21,Cartier,Giftable,2
2026-09-21,Cartier,New,2
2026-09-21,Cartier,Worn,1
2026-09-21,Prada,Shows Wear,285
2026-09-21,Prada,Excellent,244
2026-09-21,Prada,New,5
2026-09-21,Prada,Worn,2
2026-09-21,Prada,Giftable,1
2026-09-21,Bottega Veneta,Excellent,379
2026-09-21,Bottega Veneta,Shows Wear,176
2026-09-21,Bottega Veneta,New,2
2026-09-21,Bottega Veneta,Worn,2
2026-09-21,Celine,Excellent,256
2026-09-21,Celine,Shows Wear,209
2026-09-21,Celine,Worn,4
2026-09-21,Celine,New,2
2026-09-22,Hermès,Excellent,749
2026-09-22,Hermès,Shows Wear,498
2026-09-22,Hermès,Giftable,49
2026-09-22,Hermès,New,6
2026-09-22,Hermès,Worn,4
2026-09-22,Chanel,Excellent,2267
2026-09-22,Chanel,Shows Wear,1426
2026-09-22,Chanel,Giftable,156
2026-09-22,Chanel,New,73
2026-09-22,Chanel,Worn,13
2026-09-22,The Row,Excellent,98
2026-09-22,The Row,Shows Wear,51
2026-09-22,The Row,New,1
2026-09-22,Louis Vuitton,Shows Wear,3744
2026-09-22,Louis Vuitton,Excellent,1785
2026-09-22,Louis Vuitton,Worn,44
2026-09-22,Louis Vuitton,Giftable,3
2026-09-22,Louis Vuitton,New,1
2026-09-22,Goyard,Excellent,169
2026-09-22,Goyard,Shows Wear,91
2026-09-22,Goyard,New,18
2026-09-22,Goyard,Giftable,1
2026-09-22,Dior,Excellent,412
2026-09-22,Dior,Shows Wear,358
2026-09-22,Dior,Worn,6
2026-09-22,Dior,New,3
2026-09-22,Cartier,Shows Wear,196
2026-09-22,Cartier,Excellent,183
2026-09-22,Cartier,Giftable,2
2026-09-22,Cartier,New,2
2026-09-22,Cartier,Worn,1
2026-09-22,Prada,Shows Wear,289
2026-09-22,Prada,Excellent,245
2026-09-22,Prada,New,5
2026-09-22,Prada,Worn,2
2026-09-22,Prada,Giftable,1
2026-09-22,Bottega Veneta,Excellent,401
2026-09-22,Bottega Veneta,Shows Wear,179
2026-09-22,Bottega Veneta,New,3
2026-09-22,Bottega Veneta,Worn,2
2026-09-22,Celine,Excellent,264
2026-09-22,Celine,Shows Wear,216
2026-09-22,Celine,Worn,4
2026-09-22,Celine,New,2
2026-09-23,Hermès,Excellent,753
2026-09-23,Hermès,Shows Wear,500
2026-09-23,Hermès,Giftable,51
2026-09-23,Hermès,New,5
2026-09-23,Hermès,Worn,4
2026-09-23,Chanel,Excellent,2280
2026-09-23,Chanel,Shows Wear,1446
2026-09-23,Chanel,Giftable,154
2026-09-23,Chanel,New,73
2026-09-23,Chanel,Worn,13
2026-09-23,The Row,Excellent,98
2026-09-23,The Row,Shows Wear,53
2026-09-23,The Row,New,1
2026-09-23,Louis Vuitton,Shows Wear,3737
2026-09-23,Louis Vuitton,Excellent,1770
2026-09-23,Louis Vuitton,Worn,42
2026-09-23,Louis Vuitton,Giftable,3
2026-09-23,Louis Vuitton,New,1
2026-09-23,Goyard,Excellent,169
2026-09-23,Goyard,Shows Wear,91
2026-09-23,Goyard,New,18
2026-09-23,Goyard,Giftable,1
2026-09-23,Dior,Excellent,415
2026-09-23,Dior,Shows Wear,357
2026-09-23,Dior,Worn,6
2026-09-23,Dior,New,3
2026-09-23,Cartier,Shows Wear,197
2026-09-23,Cartier,Excellent,185
2026-09-23,Cartier,Giftable,2
2026-09-23,Cartier,New,2
2026-09-23,Cartier,Worn,1
2026-09-23,Prada,Shows Wear,287
2026-09-23,Prada,Excellent,244
2026-09-23,Prada,New,5
2026-09-23,Prada,Worn,2
2026-09-23,Prada,Giftable,1
2026-09-23,Bottega Veneta,Excellent,399
2026-09-23,Bottega Veneta,Shows Wear,176
2026-09-23,Bottega Veneta,New,3
2026-09-23,Bottega Veneta,Worn,2
2026-09-23,Celine,Excellent,263
2026-09-23,Celine,Shows Wear,219
2026-09-23,Celine,New,2
2026-09-23,Celine,Worn,2
