date,brand,item,requesters
2026-08-04,Chanel,Drawstring Bucket Bag – Black Shearling,11
2026-08-04,The Row,Margaux 10 – Dark Brown Suede,6
2026-08-04,Chanel,Drawstring Bucket Bag – Blue Denim,6
2026-08-04,Hermès,Kelly Cut Clutch – Vert Comics Swift,6
2026-08-04,Chanel,Ballet Flats – Orange Leopard Pony Hair,5
2026-08-04,Aquazzura,Coral Reef Sandals – Light Blue,3
2026-08-04,Fendi,Baguette – Floral Patchwork Embroidery,3
2026-08-04,Hermès,Togo Birkin 25,10
2026-08-05,Chanel,Drawstring Bucket Bag – Black Shearling,10
2026-08-05,Hermès,Togo Birkin 25,9
2026-08-05,The Row,Margaux 10 – Dark Brown Suede,5
2026-08-05,Chanel,Drawstring Bucket Bag – Blue Denim,5
2026-08-05,Hermès,Kelly Cut Clutch – Vert Comics Swift,5
2026-08-05,Chanel,Ballet Flats – Orange Leopard Pony Hair,4
2026-08-05,Aquazzura,Coral Reef Sandals – Light Blue,2
2026-08-05,Fendi,Baguette – Floral Patchwork Embroidery,2
2026-08-06,Chanel,Drawstring Bucket Bag – Black Shearling,10
2026-08-06,Hermès,Togo Birkin 25,9
2026-08-06,The Row,Margaux 10 – Dark Brown Suede,5
2026-08-06,Chanel,Drawstring Bucket Bag – Blue Denim,5
2026-08-06,Hermès,Kelly Cut Clutch – Vert Comics Swift,5
2026-08-06,Chanel,Ballet Flats – Orange Leopard Pony Hair,4
2026-08-06,Aquazzura,Coral Reef Sandals – Light Blue,2
2026-08-06,Fendi,Baguette – Floral Patchwork Embroidery,2
2026-08-07,Chanel,Drawstring Bucket Bag – Black Shearling,10
2026-08-07,Hermès,Togo Birkin 25,9
2026-08-07,The Row,Margaux 10 – Dark Brown Suede,5
2026-08-07,Chanel,Drawstring Bucket Bag – Blue Denim,5
2026-08-07,Hermès,Kelly Cut Clutch – Vert Comics Swift,5
2026-08-07,Chanel,Ballet Flats – Orange Leopard Pony Hair,4
2026-08-07,Aquazzura,Coral Reef Sandals – Light Blue,2
2026-08-07,Fendi,Baguette – Floral Patchwork Embroidery,2
2026-08-08,Chanel,Drawstring Bucket Bag – Black Shearling,10
2026-08-08,Hermès,Togo Birkin 25,9
2026-08-08,The Row,Margaux 10 – Dark Brown Suede,5
2026-08-08,Chanel,Drawstring Bucket Bag – Blue Denim,5
2026-08-08,Hermès,Kelly Cut Clutch – Vert Comics Swift,5
2026-08-08,Chanel,Ballet Flats – Orange Leopard Pony Hair,4
2026-08-08,Aquazzura,Coral Reef Sandals – Light Blue,2
2026-08-08,Fendi,Baguette – Floral Patchwork Embroidery,2
2026-08-09,Chanel,Drawstring Bucket Bag – Black Shearling,10
2026-08-09,Hermès,Togo Birkin 25,9
2026-08-09,The Row,Margaux 10 – Dark Brown Suede,5
2026-08-09,Chanel,Drawstring Bucket Bag – Blue Denim,5
2026-08-09,Hermès,Kelly Cut Clutch – Vert Comics Swift,5
2026-08-09,Chanel,Ballet Flats – Orange Leopard Pony Hair,4
2026-08-09,Aquazzura,Coral Reef Sandals – Light Blue,2
2026-08-09,Fendi,Baguette – Floral Patchwork Embroidery,2
2026-08-10,Chanel,Drawstring Bucket Bag – Black Shearling,10
2026-08-10,Hermès,Togo Birkin 25,9
2026-08-10,The Row,Margaux 10 – Dark Brown Suede,5
2026-08-10,Chanel,Drawstring Bucket Bag – Blue Denim,5
2026-08-10,Hermès,Kelly Cut Clutch – Vert Comics Swift,5
2026-08-10,Chanel,Ballet Flats – Orange Leopard Pony Hair,4
2026-08-10,Aquazzura,Coral Reef Sandals – Light Blue,2
2026-08-10,Fendi,Baguette – Floral Patchwork Embroidery,2
2026-08-11,Chanel,Drawstring Bucket Bag – Black Shearling,10
2026-08-11,Hermès,Togo Birkin 25,9
2026-08-11,The Row,Margaux 10 – Dark Brown Suede,5
2026-08-11,Chanel,Drawstring Bucket Bag – Blue Denim,5
2026-08-11,Hermès,Kelly Cut Clutch – Vert Comics Swift,5
2026-08-11,Chanel,Ballet Flats – Orange Leopard Pony Hair,4
2026-08-11,Aquazzura,Coral Reef Sandals – Light Blue,2
2026-08-11,Fendi,Baguette – Floral Patchwork Embroidery,2
2026-08-12,Chanel,Drawstring Bucket Bag – Black Shearling,10
2026-08-12,Hermès,Togo Birkin 25,9
2026-08-12,The Row,Margaux 10 – Dark Brown Suede,5
2026-08-12,Chanel,Drawstring Bucket Bag – Blue Denim,5
2026-08-12,Hermès,Kelly Cut Clutch – Vert Comics Swift,5
2026-08-12,Chanel,Ballet Flats – Orange Leopard Pony Hair,4
2026-08-12,Aquazzura,Coral Reef Sandals – Light Blue,2
2026-08-12,Fendi,Baguette – Floral Patchwork Embroidery,2
2026-08-13,Chanel,Drawstring Bucket Bag – Black Shearling,10
2026-08-13,Hermès,Togo Birkin 25,9
2026-08-13,The Row,Margaux 10 – Dark Brown Suede,5
2026-08-13,Chanel,Drawstring Bucket Bag – Blue Denim,5
2026-08-13,Hermès,Kelly Cut Clutch – Vert Comics Swift,5
2026-08-13,Chanel,Ballet Flats – Orange Leopard Pony Hair,4
2026-08-13,Aquazzura,Coral Reef Sandals – Light Blue,2
2026-08-13,Fendi,Baguette – Floral Patchwork Embroidery,2
2026-08-14,Chanel,Drawstring Bucket Bag – Black Shearling,10
2026-08-14,Hermès,Togo Birkin 25,9
2026-08-14,The Row,Margaux 10 – Dark Brown Suede,5
2026-08-14,Chanel,Drawstring Bucket Bag – Blue Denim,5
2026-08-14,Hermès,Kelly Cut Clutch – Vert Comics Swift,5
2026-08-14,Chanel,Ballet Flats – Orange Leopard Pony Hair,4
2026-08-14,Aquazzura,Coral Reef Sandals – Light Blue,2
2026-08-14,Fendi,Baguette – Floral Patchwork Embroidery,2
2026-08-15,Chanel,Drawstring Bucket Bag – Black Shearling,10
2026-08-15,Hermès,Togo Birkin 25,9
2026-08-15,The Row,Margaux 10 – Dark Brown Suede,5
2026-08-15,Chanel,Drawstring Bucket Bag – Blue Denim,5
2026-08-15,Hermès,Kelly Cut Clutch – Vert Comics Swift,5
2026-08-15,Chanel,Ballet Flats – Orange Leopard Pony Hair,4
2026-08-15,Aquazzura,Coral Reef Sandals – Light Blue,2
2026-08-15,Fendi,Baguette – Floral Patchwork Embroidery,2
2026-08-16,Chanel,Drawstring Bucket Bag – Black Shearling,10
2026-08-16,Hermès,Togo Birkin 25,9
2026-08-16,The Row,Margaux 10 – Dark Brown Suede,5
2026-08-16,Chanel,Drawstring Bucket Bag – Blue Denim,5
2026-08-16,Hermès,Kelly Cut Clutch – Vert Comics Swift,5
2026-08-16,Chanel,Ballet Flats – Orange Leopard Pony Hair,4
2026-08-16,Aquazzura,Coral Reef Sandals – Light Blue,2
2026-08-16,Fendi,Baguette – Floral Patchwork Embroidery,2
2026-08-17,Chanel,Drawstring Bucket Bag – Black Shearling,10
2026-08-17,Hermès,Togo Birkin 25,9
2026-08-17,The Row,Margaux 10 – Dark Brown Suede,5
2026-08-17,Chanel,Drawstring Bucket Bag – Blue Denim,5
2026-08-17,Hermès,Kelly Cut Clutch – Vert Comics Swift,5
2026-08-17,Chanel,Ballet Flats – Orange Leopard Pony Hair,4
2026-08-17,Aquazzura,Coral Reef Sandals – Light Blue,2
2026-08-17,Fendi,Baguette – Floral Patchwork Embroidery,2
2026-08-18,Chanel,Drawstring Bucket Bag – Black Shearling,10
2026-08-18,Hermès,Togo Birkin 25,9
2026-08-18,The Row,Margaux 10 – Dark Brown Suede,5
2026-08-18,Chanel,Drawstring Bucket Bag – Blue Denim,5
2026-08-18,Hermès,Kelly Cut Clutch – Vert Comics Swift,5
2026-08-18,Chanel,Ballet Flats – Orange Leopard Pony Hair,4
2026-08-18,Aquazzura,Coral Reef Sandals – Light Blue,2
2026-08-18,Fendi,Baguette – Floral Patchwork Embroidery,2
2026-08-19,Chanel,Drawstring Bucket Bag – Black Shearling,10
2026-08-19,Hermès,Togo Birkin 25,9
2026-08-19,The Row,Margaux 10 – Dark Brown Suede,5
2026-08-19,Chanel,Drawstring Bucket Bag – Blue Denim,5
2026-08-19,Hermès,Kelly Cut Clutch – Vert Comics Swift,5
2026-08-19,Chanel,Ballet Flats – Orange Leopard Pony Hair,4
2026-08-19,Aquazzura,Coral Reef Sandals – Light Blue,2
2026-08-19,Fendi,Baguette – Floral Patchwork Embroidery,2
2026-08-20,Chanel,Drawstring Bucket Bag – Black Shearling,10
2026-08-20,Hermès,Togo Birkin 25,9
2026-08-20,The Row,Margaux 10 – Dark Brown Suede,5
2026-08-20,Chanel,Drawstring Bucket Bag – Blue Denim,5
2026-08-20,Hermès,Kelly Cut Clutch – Vert Comics Swift,5
2026-08-20,Chanel,Ballet Flats – Orange Leopard Pony Hair,4
2026-08-20,Aquazzura,Coral Reef Sandals – Light Blue,2
2026-08-20,Fendi,Baguette – Floral Patchwork Embroidery,2
2026-08-21,Chanel,Drawstring Bucket Bag – Black Shearling,10
2026-08-21,Hermès,Togo Birkin 25,9
2026-08-21,The Row,Margaux 10 – Dark Brown Suede,5
2026-08-21,Chanel,Drawstring Bucket Bag – Blue Denim,5
2026-08-21,Hermès,Kelly Cut Clutch – Vert Comics Swift,5
2026-08-21,Chanel,Ballet Flats – Orange Leopard Pony Hair,4
2026-08-21,Aquazzura,Coral Reef Sandals – Light Blue,2
2026-08-21,Fendi,Baguette – Floral Patchwork Embroidery,2
2026-08-22,Chanel,Drawstring Bucket Bag – Black Shearling,10
2026-08-22,Hermès,Togo Birkin 25,9
2026-08-22,The Row,Margaux 10 – Dark Brown Suede,5
2026-08-22,Chanel,Drawstring Bucket Bag – Blue Denim,5
2026-08-22,Hermès,Kelly Cut Clutch – Vert Comics Swift,5
2026-08-22,Chanel,Ballet Flats – Orange Leopard Pony Hair,4
2026-08-22,Aquazzura,Coral Reef Sandals – Light Blue,2
2026-08-22,Fendi,Baguette – Floral Patchwork Embroidery,2
2026-08-23,Chanel,Drawstring Bucket Bag – Black Shearling,10
2026-08-23,Hermès,Togo Birkin 25,9
2026-08-23,The Row,Margaux 10 – Dark Brown Suede,5
2026-08-23,Chanel,Drawstring Bucket Bag – Blue Denim,5
2026-08-23,Hermès,Kelly Cut Clutch – Vert Comics Swift,5
2026-08-23,Chanel,Ballet Flats – Orange Leopard Pony Hair,4
2026-08-23,Aquazzura,Coral Reef Sandals – Light Blue,2
2026-08-23,Fendi,Baguette – Floral Patchwork Embroidery,2
2026-08-24,Chanel,Drawstring Bucket Bag – Black Shearling,10
2026-08-24,Hermès,Togo Birkin 25,9
2026-08-24,The Row,Margaux 10 – Dark Brown Suede,5
2026-08-24,Chanel,Drawstring Bucket Bag – Blue Denim,5
2026-08-24,Hermès,Kelly Cut Clutch – Vert Comics Swift,5
2026-08-24,Chanel,Ballet Flats – Orange Leopard Pony Hair,4
2026-08-24,Aquazzura,Coral Reef Sandals – Light Blue,2
2026-08-24,Fendi,Baguette – Floral Patchwork Embroidery,2
2026-08-25,Chanel,Drawstring Bucket Bag – Black Shearling,10
2026-08-25,Hermès,Togo Birkin 25,9
2026-08-25,The Row,Margaux 10 – Dark Brown Suede,5
2026-08-25,Chanel,Drawstring Bucket Bag – Blue Denim,5
2026-08-25,Hermès,Kelly Cut Clutch – Vert Comics Swift,5
2026-08-25,Chanel,Ballet Flats – Orange Leopard Pony Hair,4
2026-08-25,Aquazzura,Coral Reef Sandals – Light Blue,2
2026-08-25,Fendi,Baguette – Floral Patchwork Embroidery,2
2026-08-26,Chanel,Drawstring Bucket Bag – Black Shearling,10
2026-08-26,Hermès,Togo Birkin 25,9
2026-08-26,The Row,Margaux 10 – Dark Brown Suede,5
2026-08-26,Chanel,Drawstring Bucket Bag – Blue Denim,5
2026-08-26,Hermès,Kelly Cut Clutch – Vert Comics Swift,5
2026-08-26,Chanel,Ballet Flats – Orange Leopard Pony Hair,4
2026-08-26,Aquazzura,Coral Reef Sandals – Light Blue,2
2026-08-26,Fendi,Baguette – Floral Patchwork Embroidery,2
2026-08-27,Chanel,Drawstring Bucket Bag – Black Shearling,10
2026-08-27,Hermès,Togo Birkin 25,9
2026-08-27,The Row,Margaux 10 – Dark Brown Suede,5
2026-08-27,Chanel,Drawstring Bucket Bag – Blue Denim,5
2026-08-27,Hermès,Kelly Cut Clutch – Vert Comics Swift,5
2026-08-27,Chanel,Ballet Flats – Orange Leopard Pony Hair,4
2026-08-27,Aquazzura,Coral Reef Sandals – Light Blue,2
2026-08-27,Fendi,Baguette – Floral Patchwork Embroidery,2
2026-08-28,Chanel,Drawstring Bucket Bag – Black Shearling,10
2026-08-28,Hermès,Togo Birkin 25,9
2026-08-28,The Row,Margaux 10 – Dark Brown Suede,5
2026-08-28,Chanel,Drawstring Bucket Bag – Blue Denim,5
2026-08-28,Hermès,Kelly Cut Clutch – Vert Comics Swift,5
2026-08-28,Chanel,Ballet Flats – Orange Leopard Pony Hair,4
2026-08-28,Aquazzura,Coral Reef Sandals – Light Blue,2
2026-08-28,Fendi,Baguette – Floral Patchwork Embroidery,2
