brand,sku,title,price,current_price,markdown_pct,age_days,band_p75_days,overdue_ratio,model,listed,url
Chanel,1604690,Metallic Lambskin Walk Of Fame Bag Silver,6725,6725,0,550,89,6.18,,2025-04-07,https://www.fashionphile.com/products/chanel-metallic-lambskin-walk-of-fame-bag-silver-1604690
Cartier,1739338,18K Yellow Gold LOVE Bracelet 15,5895,5895,0,345,63,5.48,LOVE,2025-10-29,https://www.fashionphile.com/products/cartier-18k-yellow-gold-love-bracelet-15-1739338
Louis Vuitton,1720443,Damier Azur Croisette,1695,1595,5.9,383,73,5.25,,2025-09-21,https://www.fashionphile.com/products/louis-vuitton-damier-azur-croisette-1720443
Louis Vuitton,1686208,Damier Ebene Broadway Messenger Bag,605,605,0,428,82,5.22,,2025-08-07,https://www.fashionphile.com/products/louis-vuitton-damier-ebene-broadway-messenger-bag-1686208
Louis Vuitton,1668923,Lambskin Embossed Monogram Pochette Coussin Crossbody Black,2495,2495,0,457,88,5.19,,2025-07-09,https://www.fashionphile.com/products/louis-vuitton-lambskin-embossed-monogram-pochette-coussin-crossbody-black-1668923
Louis Vuitton,1683323,Epi Soft Polochon MM Gradient Electric Sun,1295,1295,0,426,83,5.13,,2025-08-09,https://www.fashionphile.com/products/louis-vuitton-epi-soft-polochon-mm-gradient-electric-sun-1683323
Bottega Veneta,1706986,Nappa Intrecciato Small Andiamo With Chain Shoulder Bag Nocturnal,4445,4225,4.9,401,81,4.95,Andiamo,2025-09-03,https://www.fashionphile.com/products/bottega-veneta-nappa-intrecciato-small-andiamo-with-chain-shoulder-bag-nocturnal-1706986
Chanel,1543906,Caviar Quilted My Everything Wallet On Chain WOC Dark Coral,3770,3770,0,506,109,4.64,Wallet On Chain,2025-05-21,https://www.fashionphile.com/products/chanel-caviar-quilted-my-everything-wallet-on-chain-woc-dark-coral-1543906
Dior,1638812,Canvas Embroidered Medium Lady D-Lite Beige Multicolor,2650,2350,11.3,402,87,4.62,,2025-09-02,https://www.fashionphile.com/products/christian-dior-canvas-embroidered-medium-lady-d-lite-beige-multicolor-1638812
Louis Vuitton,1715300,Damier Ebene Neo Neverfull MM,1210,1150,5,380,83,4.58,Neverfull,2025-09-24,https://www.fashionphile.com/products/louis-vuitton-damier-ebene-neo-neverfull-mm-1715300
Cartier,1771302,18K Yellow Gold Diamond Juste Un Clou Paved Ring 50 5.5,5400,5400,0,287,63,4.56,,2025-12-26,https://www.fashionphile.com/products/cartier-18k-yellow-gold-diamond-juste-un-clou-paved-ring-50-55-1771302
Celine,1769079,Patina Box Calfskin Medium Clasp Bag Scarlet,1855,1760,5.1,308,68,4.53,,2025-12-05,https://www.fashionphile.com/products/celine-patina-box-calfskin-medium-clasp-bag-scarlet-1769079
Louis Vuitton,1714068,LV X TM Empreinte Monogram Superflat Onthego PM Washed Blue,3095,2940,5,391,88,4.44,,2025-09-13,https://www.fashionphile.com/products/louis-vuitton-lv-x-tm-empreinte-monogram-superflat-onthego-pm-washed-blue-1714068
Goyard,1783121,Goyardine Saint Louis PM Black,2435,2315,4.9,283,65,4.35,Saint Louis,2025-12-30,https://www.fashionphile.com/products/goyard-goyardine-saint-louis-pm-black-1783121
Dior,1647046,Smooth Calfskin Micro 30 Montaigne Flap Bag Pale Pink,1150,1150,0,420,98,4.29,,2025-08-15,https://www.fashionphile.com/products/christian-dior-smooth-calfskin-micro-30-montaigne-flap-bag-pale-pink-1647046
Chanel,1583098,Lambskin Enamel Pearl Quilted Mini Charm Me Square Flap Light Blue,3250,3250,0,551,130,4.24,,2025-04-06,https://www.fashionphile.com/products/chanel-lambskin-enamel-pearl-quilted-mini-charm-me-square-flap-light-blue-1583098
Louis Vuitton,224770,,2110,,,330,78,4.23,,2025-11-13,
Dior,1706935,Calfskin CD Signature Oval Crossbody Camera Bag Rani Pink,1095,1040,5,413,98,4.21,,2025-08-22,https://www.fashionphile.com/products/christian-dior-calfskin-cd-signature-oval-crossbody-camera-bag-rani-pink-1706935
Chanel,1727915,Resin CC Evening On The Moon Minaudiere White,9750,8120,16.7,371,89,4.17,,2025-10-03,https://www.fashionphile.com/products/chanel-resin-cc-evening-on-the-moon-minaudiere-white-1727915
Louis Vuitton,1731774,Monogram Cerises Sac Plat,2450,2450,0,365,88,4.15,,2025-10-09,https://www.fashionphile.com/products/louis-vuitton-monogram-cerises-sac-plat-1731774
Louis Vuitton,1733435,Taurillon Ayers Capucines Mini White Snow White,4695,4695,0,362,88,4.11,,2025-10-12,https://www.fashionphile.com/products/louis-vuitton-taurillon-ayers-capucines-mini-white-snow-white-1733435
Prada,1736265,Re-Nylon Nappa Triangle Quilted Padded Small Double Handled Zip Tote Black,2020,2020,0,357,87,4.1,,2025-10-17,https://www.fashionphile.com/products/prada-re-nylon-nappa-triangle-quilted-padded-small-double-handled-zip-tote-black-1736265
Louis Vuitton,1768559,Damier Azur Neo Neverfull MM Rose Ballerine,1475,1475,0,298,73,4.08,Neverfull,2025-12-15,https://www.fashionphile.com/products/louis-vuitton-damier-azur-neo-neverfull-mm-rose-ballerine-1768559
Chanel,1735020,Crystal Embellished Metallic Lambskin Mini Chanel 22 Light Pink,13550,10400,23.2,360,89,4.04,,2025-10-14,https://www.fashionphile.com/products/chanel-crystal-embellished-metallic-lambskin-mini-chanel-22-light-pink-1735020
Prada,1726371,Linen Vitello Large Logo Tote Natural,1230,1025,16.7,373,93,4.01,,2025-10-01,https://www.fashionphile.com/products/prada-linen-vitello-large-logo-tote-natural-1726371
Bottega Veneta,1687680,Nappa Intrecciato Mini Loop Camera Bag Fountain,740,740,0,412,103,4,,2025-08-23,https://www.fashionphile.com/products/bottega-veneta-nappa-intrecciato-mini-loop-camera-bag-fountain-1687680
Louis Vuitton,1734881,Snakeskin Monogram City Steamer Mini Brown,6395,4605,28,350,88,3.98,,2025-10-24,https://www.fashionphile.com/products/louis-vuitton-snakeskin-monogram-city-steamer-mini-brown-1734881
Bottega Veneta,1763486,Calfskin Intrecciato Mini Hop Kaki,1760,1760,0,318,80,3.98,,2025-11-25,https://www.fashionphile.com/products/bottega-veneta-calfskin-intrecciato-mini-hop-kaki-1763486
Prada,1791509,Satin Crystal Metal Triangle Logo Small Double Handle Crossbody Tote Ananas,1645,1645,0,269,68,3.96,,2026-01-13,https://www.fashionphile.com/products/prada-satin-crystal-metal-triangle-logo-small-double-handle-crossbody-tote-ananas-1791509
Cartier,1800825,18K Yellow Gold Diamond 2.6mm LOVE Paved Band Ring 48 4.5,4235,4235,0,248,63,3.94,,2026-02-03,https://www.fashionphile.com/products/cartier-18k-yellow-gold-diamond-26mm-love-paved-band-ring-48-45-1800825
Chanel,1679385,Tweed Quilted Mini Rectangular Flap Light Pink Black,3520,3520,0,428,109,3.93,,2025-08-07,https://www.fashionphile.com/products/chanel-tweed-quilted-mini-rectangular-flap-light-pink-black-1679385
Cartier,1796895,18K Yellow Gold LOVE Unlimited Flexible Bracelet 20,10170,10170,0,255,65,3.92,LOVE,2026-01-27,https://www.fashionphile.com/products/cartier-18k-yellow-gold-love-unlimited-flexible-bracelet-20-1796895
Louis Vuitton,1741929,Monogram High Rise Bumbag,2315,2315,0,343,88,3.9,,2025-10-31,https://www.fashionphile.com/products/louis-vuitton-monogram-high-rise-bumbag-1741929
Cartier,1788951,18K Pink Gold Ceramic Diamond Three Ring LOVE Pendant Necklace,4130,3925,5,246,63,3.9,,2026-02-05,https://www.fashionphile.com/products/cartier-18k-pink-gold-ceramic-diamond-three-ring-love-pendant-necklace-1788951
Louis Vuitton,1765562,Monogram Saint Cloud GM,535,470,12.1,317,82,3.87,,2025-11-26,https://www.fashionphile.com/products/louis-vuitton-monogram-saint-cloud-gm-1765562
Louis Vuitton,1754416,Taurillon LV Ski Capucines Mini Pearly Lilac,6295,5980,5,339,88,3.85,,2025-11-04,https://www.fashionphile.com/products/louis-vuitton-taurillon-lv-ski-capucines-mini-pearly-lilac-1754416
Bottega Veneta,1768732,Calfskin Intrecciato Mini Hop Black,1595,1595,0,304,80,3.8,,2025-12-09,https://www.fashionphile.com/products/bottega-veneta-calfskin-intrecciato-mini-hop-black-1768732
Goyard,1804992,Eponge Terry Bag Turquoise,2450,2325,5.1,245,65,3.77,,2026-02-06,https://www.fashionphile.com/products/goyard-eponge-terry-bag-turquoise-1804992
Chanel,1686485,Shiny Calfskin Quilted Large Chanel 22 White Black,3995,3180,20.4,410,109,3.76,,2025-08-25,https://www.fashionphile.com/products/chanel-shiny-calfskin-quilted-large-chanel-22-white-black-1686485
Chanel,1698230,Grained Calfskin Lambskin Quilted Large Bowling Bag Black,4395,4395,0,410,109,3.76,,2025-08-25,https://www.fashionphile.com/products/chanel-grained-calfskin-lambskin-quilted-large-bowling-bag-black-1698230
Hermès,1749831,Epsom Kelly Sellier 25 Vert Verone,24325,23110,5,328,88,3.73,Kelly,2025-11-15,https://www.fashionphile.com/products/hermes-epsom-kelly-sellier-25-vert-verone-1749831
Hermès,1756602,Shiny Niloticus Crocodile Birkin 25 Rose Scheherazade,52995,52995,0,328,88,3.73,Birkin 25,2025-11-15,https://www.fashionphile.com/products/hermes-shiny-niloticus-crocodile-birkin-25-rose-scheherazade-1756602
Goyard,1802636,Goyardine Hirondelle Navy,2845,2375,16.5,258,70,3.69,,2026-01-24,https://www.fashionphile.com/products/goyard-goyardine-hirondelle-navy-1802636
Cartier,1808986,18K Pink Gold Small Clash De Cartier Bracelet 20,9430,8960,5,240,65,3.69,,2026-02-11,https://www.fashionphile.com/products/cartier-18k-pink-gold-small-clash-de-cartier-bracelet-20-1808986
Louis Vuitton,1785036,Reverse Monogram Pochette Metis,2150,2095,2.6,286,78,3.67,Pochette Metis,2025-12-27,https://www.fashionphile.com/products/louis-vuitton-reverse-monogram-pochette-metis-1785036
Chanel,1682851,Tweed Handle Crush Top Handle Flap Bag Orange Ecru,6115,6115,0,428,117,3.66,,2025-08-07,https://www.fashionphile.com/products/chanel-tweed-handle-crush-top-handle-flap-bag-orange-ecru-1682851
Louis Vuitton,1748456,LV X TM Monogram Superflat Panda Pochette Accessories,2350,2000,14.9,322,88,3.66,,2025-11-21,https://www.fashionphile.com/products/louis-vuitton-lv-x-tm-monogram-superflat-panda-pochette-accessories-1748456
Bottega Veneta,1721678,Nappa Intrecciato Candy Loop Camera Bag White,695,695,0,377,103,3.66,,2025-09-27,https://www.fashionphile.com/products/bottega-veneta-nappa-intrecciato-candy-loop-camera-bag-white-1721678
Hermès,1703660,Epsom Constance 1-24 Vert Fizz,10550,10020,5,400,111,3.6,Constance,2025-09-04,https://www.fashionphile.com/products/hermes-epsom-constance-1-24-vert-fizz-1703660
Dior,1767881,Raffia Calfskin 30 Montaigne Flap Bag Beige,2965,2965,0,312,87,3.59,,2025-12-01,https://www.fashionphile.com/products/christian-dior-raffia-calfskin-30-montaigne-flap-bag-beige-1767881
Bottega Veneta,1795682,Nappa Intrecciato Teen Jodie Hobo Lotus,2595,2465,5,266,74,3.59,Jodie,2026-01-16,https://www.fashionphile.com/products/bottega-veneta-nappa-intrecciato-teen-jodie-hobo-lotus-1795682
Louis Vuitton,1766208,Monogram Montsouris PM,2435,1735,28.7,315,88,3.58,,2025-11-28,https://www.fashionphile.com/products/louis-vuitton-monogram-montsouris-pm-1766208
Goyard,1799292,Eponge Terry Bag Turquoise,2850,2325,18.4,249,70,3.56,,2026-02-02,https://www.fashionphile.com/products/goyard-eponge-terry-bag-turquoise-1799292
Louis Vuitton,1801857,Monogram Neonoe MM Black,1435,1435,0,259,73,3.55,,2026-01-23,https://www.fashionphile.com/products/louis-vuitton-monogram-neonoe-mm-black-1801857
Chanel,1676522,Metallic Lambskin Quilted Clutch With Chain Silver,1550,1550,0,446,127,3.51,,2025-07-20,https://www.fashionphile.com/products/chanel-metallic-lambskin-quilted-clutch-with-chain-silver-1676522
Bottega Veneta,1771768,Nappa Intrecciato Small Jodie Travertine,3405,2650,22.2,284,81,3.51,Jodie,2025-12-29,https://www.fashionphile.com/products/bottega-veneta-nappa-intrecciato-small-jodie-travertine-1771768
Celine,1811348,Grained Calfskin Pico Belt Bag Black,1895,1895,0,239,68,3.51,,2026-02-12,https://www.fashionphile.com/products/celine-grained-calfskin-pico-belt-bag-black-1811348
Louis Vuitton,1783399,Monogram Speedy 25,1220,1160,4.9,290,83,3.49,Speedy,2025-12-23,https://www.fashionphile.com/products/louis-vuitton-monogram-speedy-25-1783399
Louis Vuitton,1805694,Monogram Nano Noe NV,1625,1625,0,255,73,3.49,,2026-01-27,https://www.fashionphile.com/products/louis-vuitton-monogram-nano-noe-nv-1805694
Louis Vuitton,1792261,Monogram Pochette Metis,1850,1595,13.8,269,78,3.45,Pochette Metis,2026-01-13,https://www.fashionphile.com/products/louis-vuitton-monogram-pochette-metis-1792261
Hermès,1773278,,24375,,,303,88,3.44,Kelly,2025-12-10,
Louis Vuitton,1795349,,2095,,,268,78,3.44,Pochette Metis,2026-01-14,
Bottega Veneta,1756477,,1525,,,326,96,3.4,Cassette,2025-11-17,
Chanel,1710947,,5995,,,397,117,3.39,,2025-09-07,
Louis Vuitton,1775880,,3525,,,298,88,3.39,,2025-12-15,
Chanel,1774613,,8250,,,301,89,3.38,,2025-12-12,
Louis Vuitton,1779066,,3340,,,297,88,3.38,Speedy,2025-12-16,
Celine,1755608,,1375,,,328,97,3.38,Triomphe,2025-11-15,
Chanel,1775463,,11655,,,300,89,3.37,,2025-12-13,
Dior,1757045,,860,,,330,98,3.37,,2025-11-13,
Louis Vuitton,1796749,,2065,,,262,78,3.36,,2026-01-20,
Chanel,1732071,,3850,,,365,109,3.35,,2025-10-09,
Louis Vuitton,1799189,,2195,,,260,78,3.33,,2026-01-22,
Chanel,1779303,,7205,,,295,89,3.31,Boy,2025-12-18,
Louis Vuitton,1790736,,1160,,,273,83,3.29,,2026-01-09,
Louis Vuitton,1812892,,1480,,,240,73,3.29,Alma,2026-02-11,
Chanel,1736117,,3695,,,357,109,3.28,,2025-10-17,
Chanel,1777196,,6850,,,292,89,3.28,,2025-12-21,
Chanel,1689654,,2795,,,425,130,3.27,,2025-08-10,
Chanel,1775560,,10595,,,291,89,3.27,,2025-12-22,
Louis Vuitton,1814253,,1745,,,239,73,3.27,Pochette Metis,2026-02-12,
Hermès,1724320,,4150,,,378,116,3.26,,2025-09-26,
Louis Vuitton,1785282,,4000,,,286,88,3.25,,2025-12-27,
Bottega Veneta,1800939,,1585,,,259,80,3.24,Cassette,2026-01-23,
Louis Vuitton,1798471,,895,,,265,82,3.23,,2026-01-17,
Chanel,1779096,,7250,,,287,89,3.22,,2025-12-26,
Louis Vuitton,1786584,,3520,,,283,88,3.22,Alma,2025-12-30,
Prada,1826314,,1360,,,219,68,3.22,Re-Edition,2026-03-04,
Prada,1826597,,1610,,,219,68,3.22,Re-Edition,2026-03-04,
Louis Vuitton,1803803,,1905,,,249,78,3.19,,2026-02-02,
Goyard,1821139,,2855,,,223,70,3.19,Saint Louis,2026-02-28,
Celine,1824731,,1950,,,216,68,3.18,Triomphe,2026-03-07,
Chanel,1785143,,7000,,,282,89,3.17,,2025-12-31,
The Row,1795920,,900,,,255,81,3.15,,2026-01-27,
Louis Vuitton,1780362,,3250,,,277,88,3.15,,2026-01-05,
Dior,1726764,,2095,,,372,118,3.15,,2025-10-02,
Chanel,1724916,,4850,,,367,117,3.14,,2025-10-07,
Louis Vuitton,1808891,,1800,,,245,78,3.14,Pochette Metis,2026-02-06,
Louis Vuitton,1809131,,1795,,,245,78,3.14,Pochette Metis,2026-02-06,
Hermès,1783677,,30735,,,275,88,3.13,Kelly,2026-01-07,
Celine,1771562,,1195,,,304,97,3.13,Triomphe,2025-12-09,
Chanel,1789280,,6675,,,277,89,3.11,Double Flap,2026-01-05,
Chanel,1789929,,20135,,,275,89,3.09,,2026-01-07,
Louis Vuitton,1813221,,2040,,,241,78,3.09,Speedy,2026-02-10,
Louis Vuitton,1810937,,2280,,,240,78,3.08,,2026-02-11,
Louis Vuitton,1811961,,1750,,,224,73,3.07,Neverfull,2026-02-27,
Hermès,1787681,,22255,,,269,88,3.06,Kelly,2026-01-13,
Chanel,1732384,,5195,,,357,117,3.05,,2025-10-17,
Louis Vuitton,1813294,,2010,,,238,78,3.05,,2026-02-13,
Louis Vuitton,1824818,,1430,,,223,73,3.05,,2026-02-28,
Dior,1797192,,3705,,,262,86,3.05,,2026-01-20,
Celine,1830306,,1645,,,207,68,3.04,,2026-03-16,
Hermès,1794810,,20500,,,267,88,3.03,Kelly,2026-01-15,
Chanel,1739398,,5305,,,353,117,3.02,,2025-10-21,
The Row,1795467,,5190,,,268,89,3.01,Margaux,2026-01-14,
Louis Vuitton,1799487,,1270,,,249,83,3,,2026-02-02,
Louis Vuitton,1803646,,1250,,,249,83,3,Neverfull,2026-02-02,
Louis Vuitton,1824075,,1750,,,219,73,3,,2026-03-04,
Louis Vuitton,1827499,,1695,,,219,73,3,Pochette Metis,2026-03-04,
Louis Vuitton,1809349,,630,,,245,82,2.99,,2026-02-06,
Louis Vuitton,1809902,,625,,,245,82,2.99,,2026-02-06,
Louis Vuitton,1825184,,1715,,,218,73,2.99,,2026-03-05,
Dior,1732340,,2195,,,353,118,2.99,,2025-10-21,
Celine,1842776,,1650,,,203,68,2.99,,2026-03-20,
Chanel,1714180,,1565,,,378,127,2.98,,2025-09-26,
Chanel,1717485,,3350,,,387,130,2.98,,2025-09-17,
Chanel,1797777,,6625,,,265,89,2.98,,2026-01-17,
Cartier,1845646,,4595,,,188,63,2.98,,2026-04-04,
Bottega Veneta,1771632,,525,,,307,103,2.98,Cassette,2025-12-06,
Louis Vuitton,1799782,,2705,,,261,88,2.97,,2026-01-21,
Louis Vuitton,1800014,,2435,,,261,88,2.97,,2026-01-21,
Louis Vuitton,1824053,,1505,,,217,73,2.97,,2026-03-06,
Dior,1797240,,3175,,,258,87,2.97,Saddle,2026-01-24,
Hermès,1781803,,13690,,,290,98,2.96,Constance,2025-12-23,
Louis Vuitton,1821027,,2135,,,231,78,2.96,,2026-02-20,
Louis Vuitton,1819959,,2040,,,230,78,2.95,Speedy,2026-02-21,
Chanel,1799783,,9110,,,261,89,2.93,Double Flap,2026-01-21,
Chanel,1800547,,10065,,,260,89,2.92,,2026-01-22,
Hermès,1794043,,27555,,,256,88,2.91,Birkin 30,2026-01-26,
Chanel,1724906,,2450,,,370,127,2.91,,2025-10-04,
Chanel,1804472,,72075,,,259,89,2.91,,2026-01-23,
Chanel,1804474,,72075,,,259,89,2.91,,2026-01-23,
Chanel,1804477,,32855,,,259,89,2.91,,2026-01-23,
Dior,1800462,,3335,,,253,87,2.91,,2026-01-29,
Celine,1840340,,2025,,,198,68,2.91,,2026-03-25,
Chanel,1793767,,9440,,,258,89,2.9,,2026-01-24,
Chanel,1793776,,7670,,,258,89,2.9,,2026-01-24,
Louis Vuitton,1829019,,1375,,,212,73,2.9,,2026-03-11,
Louis Vuitton,1827671,,1630,,,211,73,2.89,,2026-03-12,
Hermès,1780165,,15250,,,282,98,2.88,Kelly,2025-12-31,
Hermès,1784881,,16955,,,282,98,2.88,,2025-12-31,
Louis Vuitton,1835079,,1595,,,210,73,2.88,Pochette Metis,2026-03-13,
Celine,1845644,,1695,,,196,68,2.88,,2026-03-27,
Louis Vuitton,1822292,,1995,,,224,78,2.87,,2026-02-27,
Louis Vuitton,1815365,,1055,,,237,83,2.86,,2026-02-14,
Louis Vuitton,1826192,,1905,,,223,78,2.86,Alma,2026-02-28,
Chanel,1728512,,3295,,,370,130,2.85,,2025-10-04,
Chanel,1798824,,9595,,,254,89,2.85,,2026-01-28,
Goyard,1809335,,1950,,,245,86,2.85,Saint Louis,2026-02-06,
Goyard,1840337,,2395,,,185,65,2.85,,2026-04-07,
Cartier,1840460,,13995,,,185,65,2.85,,2026-04-07,
Louis Vuitton,1810486,,795,,,233,82,2.84,,2026-02-18,
Louis Vuitton,1807503,,3795,,,247,88,2.81,Alma,2026-02-04,
Louis Vuitton,1816956,,1100,,,232,83,2.8,Speedy,2026-02-19,
Louis Vuitton,1818528,,1195,,,232,83,2.8,,2026-02-19,
Chanel,1804494,,7025,,,248,89,2.79,,2026-02-03,
Dior,1791922,,700,,,273,98,2.79,,2026-01-09,
Bottega Veneta,1822441,,3385,,,226,81,2.79,Andiamo,2026-02-25,
Hermès,1807667,,27495,,,245,88,2.78,Birkin 25,2026-02-06,
Chanel,1733952,,2995,,,362,130,2.78,,2025-10-12,
Chanel,1808569,,7495,,,247,89,2.78,,2026-02-04,
Chanel,1808826,,8250,,,247,89,2.78,,2026-02-04,
Louis Vuitton,1808461,,2295,,,245,88,2.78,,2026-02-06,
Louis Vuitton,1817510,,2195,,,217,78,2.78,,2026-03-06,
Louis Vuitton,1831045,,1795,,,217,78,2.78,,2026-03-06,
Louis Vuitton,1831096,,2010,,,217,78,2.78,,2026-03-06,
Prada,1852015,,1395,,,189,68,2.78,Galleria,2026-04-03,
Hermès,1811010,,20950,,,244,88,2.77,Birkin 30,2026-02-07,
Chanel,1740683,,2395,,,352,127,2.77,,2025-10-22,
Louis Vuitton,1805633,,550,,,227,82,2.77,,2026-02-24,
Louis Vuitton,1820162,,675,,,227,82,2.77,,2026-02-24,
Bottega Veneta,1820950,,3395,,,224,81,2.77,,2026-02-27,
Celine,1792343,,1350,,,269,97,2.77,,2026-01-13,
Chanel,1745095,,5615,,,323,117,2.76,,2025-11-20,
Louis Vuitton,1821351,,760,,,226,82,2.76,Alma,2026-02-25,
Chanel,1809857,,6995,,,245,89,2.75,,2026-02-06,
Prada,1814519,,2095,,,239,87,2.75,,2026-02-12,
Chanel,1763529,,5895,,,320,117,2.74,,2025-11-23,
Louis Vuitton,1797035,,2540,,,240,88,2.73,,2026-02-11,
Louis Vuitton,1830384,,2115,,,213,78,2.73,,2026-03-10,
Celine,1751557,,600,,,335,123,2.72,Triomphe,2025-11-08,
Louis Vuitton,1821444,,1115,,,225,83,2.71,Neverfull,2026-02-26,
Louis Vuitton,1837707,,1380,,,198,73,2.71,,2026-03-25,
Louis Vuitton,1844214,,1575,,,198,73,2.71,Speedy,2026-03-25,
Cartier,1856078,,7195,,,176,65,2.71,LOVE,2026-04-16,
Louis Vuitton,1814379,,1195,,,224,83,2.7,Speedy,2026-02-27,
Louis Vuitton,1814498,,795,,,221,82,2.7,,2026-03-02,
Louis Vuitton,1832247,,1580,,,197,73,2.7,,2026-03-26,
Chanel,1766925,,5825,,,315,117,2.69,,2025-11-28,
Louis Vuitton,1818436,,3070,,,237,88,2.69,Alma,2026-02-14,
Goyard,1819217,,3280,,,233,87,2.68,,2026-02-18,
Bottega Veneta,1784247,,845,,,276,103,2.68,,2026-01-06,
Bottega Veneta,1842143,,3195,,,198,74,2.68,Andiamo,2026-03-25,
Chanel,1781576,,3500,,,291,109,2.67,,2025-12-22,
Louis Vuitton,1805626,,755,,,219,82,2.67,,2026-03-04,
Dior,1816952,,2995,,,232,87,2.67,Saddle,2026-02-19,
Hermès,1814230,,27660,,,234,88,2.66,Kelly,2026-02-17,
Louis Vuitton,1816606,,2750,,,234,88,2.66,Pochette Metis,2026-02-17,
Goyard,1821434,,4235,,,231,87,2.66,,2026-02-20,
Prada,1852090,,1700,,,181,68,2.66,Re-Edition,2026-04-11,
Prada,1806591,,1265,,,246,93,2.65,,2026-02-05,
Hermès,1797300,,18250,,,259,98,2.64,Birkin 25,2026-01-23,
Louis Vuitton,1802179,,2380,,,232,88,2.64,,2026-02-19,
Louis Vuitton,1836615,,1850,,,206,78,2.64,Neverfull,2026-03-17,
Hermès,1820057,,22950,,,231,88,2.63,Kelly,2026-02-20,
Louis Vuitton,1838643,,1895,,,205,78,2.63,Pochette Metis,2026-03-18,
Louis Vuitton,1847005,,1610,,,192,73,2.63,,2026-03-31,
Bottega Veneta,1828807,,3810,,,213,81,2.63,Andiamo,2026-03-10,
Celine,1742146,,795,,,323,123,2.63,Luggage,2025-11-20,
Louis Vuitton,1836927,,1895,,,204,78,2.62,Pochette Metis,2026-03-19,
Celine,1767269,,2295,,,307,117,2.62,,2025-12-06,
Celine,1861339,,1660,,,178,68,2.62,Triomphe,2026-04-14,
Chanel,1755383,,1295,,,331,127,2.61,,2025-11-12,
Chanel,1785244,,4195,,,284,109,2.61,,2025-12-29,
Chanel,1812933,,6885,,,232,89,2.61,,2026-02-19,
Louis Vuitton,1825977,,650,,,214,82,2.61,,2026-03-09,
Bottega Veneta,1838320,,1995,,,209,80,2.61,,2026-03-14,
Louis Vuitton,1835538,,1850,,,203,78,2.6,Pochette Metis,2026-03-20,
Louis Vuitton,1838186,,1795,,,203,78,2.6,Alma,2026-03-20,
Louis Vuitton,1839453,,1595,,,190,73,2.6,Speedy,2026-04-02,
Louis Vuitton,1845581,,1595,,,190,73,2.6,Alma,2026-04-02,
Dior,1822387,,3715,,,224,86,2.6,Lady Dior,2026-02-27,
Prada,1857639,,1370,,,177,68,2.6,,2026-04-15,
Hermès,1803117,,13245,,,254,98,2.59,Constance,2026-01-28,
Louis Vuitton,1832787,,635,,,212,82,2.59,,2026-03-11,
Dior,1806061,,1825,,,249,96,2.59,,2026-02-02,
Bottega Veneta,1807006,,1325,,,249,96,2.59,,2026-02-02,
Hermès,1793278,,14040,,,253,98,2.58,,2026-01-29,
Goyard,1781784,,2220,,,291,113,2.58,Saint Louis,2025-12-22,
Hermès,1823827,,24995,,,226,88,2.57,Birkin 30,2026-02-25,
Hermès,1826495,,243795,,,226,88,2.57,Kelly,2026-02-25,
Louis Vuitton,1818824,,2380,,,226,88,2.57,,2026-02-25,
Louis Vuitton,1831538,,1330,,,213,83,2.57,,2026-03-10,
Louis Vuitton,1837533,,760,,,211,82,2.57,,2026-03-12,
Chanel,1774982,,4850,,,300,117,2.56,,2025-12-13,
Louis Vuitton,1832674,,720,,,210,82,2.56,,2026-03-13,
Dior,1823245,,3495,,,220,86,2.56,Lady Dior,2026-03-03,
Hermès,1776963,,4995,,,296,116,2.55,,2025-12-17,
Chanel,1759079,,720,,,324,127,2.55,,2025-11-19,
Chanel,1818239,,7095,,,227,89,2.55,Double Flap,2026-02-24,
Louis Vuitton,1819636,,1925,,,199,78,2.55,,2026-03-24,
Louis Vuitton,1825729,,1070,,,212,83,2.55,,2026-03-11,
Louis Vuitton,1832759,,2250,,,199,78,2.55,,2026-03-24,
Cartier,1842131,,1350,,,176,69,2.55,,2026-04-16,
Hermès,1784414,,6495,,,282,111,2.54,,2025-12-31,
Louis Vuitton,1829812,,1890,,,198,78,2.54,,2026-03-25,
Hermès,1800682,,14095,,,248,98,2.53,Constance,2026-02-03,
Chanel,1823945,,7945,,,225,89,2.53,,2026-02-26,
Louis Vuitton,1821786,,1250,,,210,83,2.53,,2026-03-13,
Louis Vuitton,1832115,,1295,,,210,83,2.53,Neverfull,2026-03-13,
Louis Vuitton,1842107,,1850,,,197,78,2.53,Pochette Metis,2026-03-26,
Louis Vuitton,1842296,,1575,,,185,73,2.53,Neverfull,2026-04-07,
Dior,1801492,,1085,,,248,98,2.53,,2026-02-03,
Prada,1805297,,665,,,253,100,2.53,Re-Edition,2026-01-29,
Celine,1765379,,720,,,311,123,2.53,,2025-12-02,
Celine,1804683,,1585,,,245,97,2.53,Luggage,2026-02-06,
Louis Vuitton,1846419,,1610,,,184,73,2.52,,2026-04-08,
Goyard,1825824,,3750,,,219,87,2.52,Belvedere,2026-03-04,
Hermès,1806361,,12950,,,246,98,2.51,Kelly,2026-02-05,
Dior,1828526,,13305,,,216,86,2.51,Lady Dior,2026-03-07,
Celine,1789175,,1160,,,276,110,2.51,,2026-01-06,
Chanel,1781422,,5095,,,293,117,2.5,Chanel 19,2025-12-20,
Louis Vuitton,1826228,,550,,,205,82,2.5,,2026-03-18,
Goyard,1853582,,2850,,,175,70,2.5,,2026-04-17,
Bottega Veneta,1845753,,2515,,,185,74,2.5,,2026-04-07,
The Row,1854753,,5095,,,177,71,2.49,,2026-04-15,
Louis Vuitton,1854848,,1595,,,182,73,2.49,Neverfull,2026-04-10,
Chanel,1732480,,2995,,,322,130,2.48,Boy,2025-11-21,
Louis Vuitton,1828841,,3175,,,218,88,2.48,Speedy,2026-03-05,
Louis Vuitton,1831120,,2495,,,218,88,2.48,,2026-03-05,
Louis Vuitton,1834121,,1280,,,206,83,2.48,Neverfull,2026-03-17,
Chanel,1821445,,8345,,,220,89,2.47,Double Flap,2026-03-03,
Louis Vuitton,1835528,,1095,,,205,83,2.47,Speedy,2026-03-18,
Louis Vuitton,1837035,,1150,,,205,83,2.47,Alma,2026-03-18,
Dior,1816739,,1565,,,237,96,2.47,,2026-02-14,
Prada,1863227,,1450,,,168,68,2.47,,2026-04-24,
Hermès,1812622,,12995,,,241,98,2.46,Constance,2026-02-10,
The Row,1822900,,5825,,,219,89,2.46,Margaux,2026-03-04,
Bottega Veneta,1843306,,3750,,,199,81,2.46,Andiamo,2026-03-24,
Chanel,1793539,,3600,,,267,109,2.45,,2026-01-15,
Louis Vuitton,1837455,,1795,,,191,78,2.45,,2026-04-01,
Chanel,1828113,,7690,,,217,89,2.44,,2026-03-06,
Louis Vuitton,1848464,,1895,,,190,78,2.44,Pochette Metis,2026-04-02,
Louis Vuitton,1856634,,1650,,,178,73,2.44,,2026-04-14,
Goyard,1825044,,3280,,,212,87,2.44,Saint Louis,2026-03-11,
Dior,1816376,,1480,,,234,96,2.44,Lady Dior,2026-02-17,
Chanel,1828381,,7415,,,216,89,2.43,,2026-03-07,
Dior,1832961,,2795,,,211,87,2.43,,2026-03-12,
Cartier,1812750,,3035,,,197,81,2.43,,2026-03-26,
Cartier,1812756,,1895,,,197,81,2.43,,2026-03-26,
Bottega Veneta,1838706,,3650,,,197,81,2.43,Jodie,2026-03-26,
Hermès,1791118,,10995,,,269,111,2.42,Constance,2026-01-13,
Louis Vuitton,1823752,,3385,,,213,88,2.42,,2026-03-10,
Louis Vuitton,1857766,,1750,,,177,73,2.42,,2026-04-15,
Louis Vuitton,1824231,,2310,,,212,88,2.41,Speedy,2026-03-11,
Louis Vuitton,1844184,,660,,,198,82,2.41,,2026-03-25,
Louis Vuitton,1851070,,2085,,,188,78,2.41,,2026-04-04,
Louis Vuitton,1855241,,1550,,,176,73,2.41,,2026-04-16,
Dior,1814924,,1690,,,231,96,2.41,,2026-02-20,
Dior,1821776,,3320,,,210,87,2.41,Lady Dior,2026-03-13,
Louis Vuitton,1826848,,805,,,197,82,2.4,,2026-03-26,
Louis Vuitton,1834099,,2855,,,211,88,2.4,,2026-03-12,
Louis Vuitton,1861562,,1550,,,175,73,2.4,Alma,2026-04-17,
Louis Vuitton,1861928,,1750,,,175,73,2.4,,2026-04-17,
Louis Vuitton,1862496,,1675,,,175,73,2.4,Pochette Metis,2026-04-17,
Hermès,1789880,,4500,,,277,116,2.39,,2026-01-05,
Hermès,1832241,,27555,,,210,88,2.39,Birkin 25,2026-03-13,
Chanel,1797382,,4235,,,260,109,2.39,Boy,2026-01-22,
Chanel,1812683,,6600,,,213,89,2.39,,2026-03-10,
Chanel,1816594,,7495,,,213,89,2.39,,2026-03-10,
Louis Vuitton,1826872,,750,,,196,82,2.39,,2026-03-27,
Louis Vuitton,1837660,,1195,,,198,83,2.39,Neverfull,2026-03-25,
Goyard,1864479,,2720,,,167,70,2.39,,2026-04-25,
Chanel,1834022,,8010,,,212,89,2.38,,2026-03-11,
The Row,1849582,,2295,,,181,76,2.38,,2026-04-11,
Louis Vuitton,1838339,,3975,,,209,88,2.38,,2026-03-14,
Bottega Veneta,1809443,,630,,,245,103,2.38,,2026-02-06,
Hermès,1796058,,6460,,,263,111,2.37,,2026-01-19,
Chanel,1786941,,6565,,,277,117,2.37,,2026-01-05,
Dior,1832727,,3905,,,204,86,2.37,Lady Dior,2026-03-19,
Bottega Veneta,1809355,,1035,,,244,103,2.37,,2026-02-07,
Louis Vuitton,1842362,,2165,,,184,78,2.36,,2026-04-08,
Louis Vuitton,1848390,,1420,,,172,73,2.36,Neverfull,2026-04-20,
Dior,1819925,,950,,,231,98,2.36,,2026-02-20,
Dior,1836575,,3495,,,203,86,2.36,Lady Dior,2026-03-20,
Bottega Veneta,1859232,,2100,,,174,74,2.35,Jodie,2026-04-18,
The Row,1855572,,2150,,,178,76,2.34,,2026-04-14,
Louis Vuitton,1822853,,2540,,,206,88,2.34,,2026-03-17,
Louis Vuitton,1846839,,945,,,192,82,2.34,Speedy,2026-03-31,
Louis Vuitton,1836048,,5100,,,205,88,2.33,,2026-03-18,
Louis Vuitton,1848282,,850,,,191,82,2.33,,2026-04-01,
Cartier,1822847,,1040,,,168,72,2.33,,2026-04-24,
Cartier,1863809,,6075,,,147,63,2.33,,2026-05-15,
Cartier,1866540,,1450,,,161,69,2.33,,2026-05-01,
Bottega Veneta,1825565,,1055,,,224,96,2.33,Cassette,2026-02-27,
Hermès,1801291,,11500,,,258,111,2.32,Constance,2026-01-24,
Hermès,1818587,,18750,,,227,98,2.32,Birkin 30,2026-02-24,
Louis Vuitton,1842645,,955,,,190,82,2.32,Speedy,2026-04-02,
Hermès,1821276,,15470,,,226,98,2.31,Constance,2026-02-25,
Chanel,1779560,,1660,,,293,127,2.31,,2025-12-20,
Louis Vuitton,1827642,,1095,,,192,83,2.31,,2026-03-31,
Chanel,1792563,,5085,,,268,117,2.29,,2026-01-14,
The Row,1858969,,2970,,,174,76,2.29,,2026-04-18,
Louis Vuitton,1848264,,1250,,,190,83,2.29,Neverfull,2026-04-02,
Louis Vuitton,1865536,,1675,,,167,73,2.29,Pochette Metis,2026-04-25,
Dior,1791121,,2110,,,270,118,2.29,,2026-01-12,
Prada,1840768,,1850,,,199,87,2.29,Re-Edition,2026-03-24,
Celine,1867099,,1675,,,156,68,2.29,Triomphe,2026-05-06,
Chanel,1775648,,3250,,,296,130,2.28,Chanel 19,2025-12-17,
Chanel,1787208,,3905,,,249,109,2.28,,2026-02-02,
Chanel,1803682,,3895,,,248,109,2.28,Boy,2026-02-03,
Chanel,1836762,,7395,,,203,89,2.28,Double Flap,2026-03-20,
Louis Vuitton,1859121,,1795,,,178,78,2.28,Speedy,2026-04-14,
Dior,1827712,,1905,,,219,96,2.28,Saddle,2026-03-04,
Bottega Veneta,1862422,,3150,,,169,74,2.28,Andiamo,2026-04-23,
Louis Vuitton,1847969,,1150,,,188,83,2.27,,2026-04-04,
Louis Vuitton,1848145,,1015,,,188,83,2.27,Speedy,2026-04-04,
Louis Vuitton,1855741,,2150,,,177,78,2.27,,2026-04-15,
Cartier,1836435,,3850,,,184,81,2.27,,2026-04-08,
Chanel,1780253,,3450,,,294,130,2.26,,2025-12-19,
Chanel,1781813,,2095,,,287,127,2.26,Boy,2025-12-26,
Chanel,1787289,,6495,,,265,117,2.26,Double Flap,2026-01-17,
Louis Vuitton,1829901,,2375,,,199,88,2.26,,2026-03-24,
Louis Vuitton,1840429,,2335,,,199,88,2.26,,2026-03-24,
Cartier,1864460,,1695,,,156,69,2.26,,2026-05-06,
Prada,1830041,,1055,,,210,93,2.26,Re-Edition,2026-03-13,
Prada,1857168,,1525,,,154,68,2.26,,2026-05-08,
Prada,1876150,,1570,,,154,68,2.26,,2026-05-08,
Bottega Veneta,1828878,,1345,,,217,96,2.26,,2026-03-06,
Bottega Veneta,1865870,,3295,,,167,74,2.26,Jodie,2026-04-25,
Celine,1818483,,1480,,,219,97,2.26,,2026-03-04,
Hermès,1759866,,2420,,,295,131,2.25,,2025-12-18,
Hermès,1844139,,24885,,,198,88,2.25,,2026-03-25,
Chanel,1794389,,6095,,,263,117,2.25,,2026-01-19,
Louis Vuitton,1844598,,3150,,,198,88,2.25,Speedy,2026-03-25,
Dior,1797194,,2540,,,265,118,2.25,,2026-01-17,
Cartier,1836447,,2595,,,182,81,2.25,,2026-04-10,
Cartier,1871988,,4850,,,142,63,2.25,LOVE,2026-05-20,
Hermès,1799154,,5840,,,260,116,2.24,,2026-01-22,
Hermès,1819556,,13350,,,220,98,2.24,Constance,2026-03-03,
Hermès,1842642,,27500,,,197,88,2.24,Birkin 30,2026-03-26,
Chanel,1785643,,1400,,,284,127,2.24,Wallet On Chain,2025-12-29,
Chanel,1798572,,5615,,,262,117,2.24,Boy,2026-01-20,
Louis Vuitton,1838545,,4595,,,197,88,2.24,,2026-03-26,
Louis Vuitton,1840010,,2655,,,197,88,2.24,,2026-03-26,
Louis Vuitton,1861253,,1825,,,175,78,2.24,,2026-04-17,
Bottega Veneta,1858981,,1950,,,179,80,2.24,,2026-04-13,
Chanel,1781862,,2795,,,290,130,2.23,,2025-12-23,
Louis Vuitton,1843633,,2895,,,196,88,2.23,,2026-03-27,
Louis Vuitton,1848198,,3295,,,196,88,2.23,Pochette Metis,2026-03-27,
Louis Vuitton,1848566,,1775,,,174,78,2.23,,2026-04-18,
Louis Vuitton,1861530,,1595,,,163,73,2.23,,2026-04-29,
Dior,1843403,,8475,,,192,86,2.23,Lady Dior,2026-03-31,
Hermès,1831646,,14410,,,218,98,2.22,Constance,2026-03-05,
Chanel,1839276,,9395,,,198,89,2.22,,2026-03-25,
Louis Vuitton,1836269,,10430,,,195,88,2.22,,2026-03-28,
Louis Vuitton,1867056,,1675,,,162,73,2.22,Pochette Metis,2026-04-30,
Celine,1791714,,710,,,273,123,2.22,,2026-01-09,
Chanel,1836150,,7975,,,197,89,2.21,,2026-03-26,
Chanel,1841493,,7095,,,197,89,2.21,,2026-03-26,
Louis Vuitton,1871249,,1650,,,161,73,2.21,,2026-05-01,
Dior,1829690,,1285,,,217,98,2.21,,2026-03-06,
Prada,1875879,,855,,,157,71,2.21,Re-Edition,2026-05-05,
Celine,1800498,,3430,,,258,117,2.21,Triomphe,2026-01-24,
Hermès,1810243,,8580,,,244,111,2.2,,2026-02-07,
Chanel,1812914,,3850,,,239,109,2.19,Boy,2026-02-12,
Louis Vuitton,1871665,,1450,,,160,73,2.19,Neverfull,2026-05-02,
Goyard,1875463,,2875,,,153,70,2.19,,2026-05-09,
Chanel,1816425,,3750,,,238,109,2.18,,2026-02-13,
Louis Vuitton,1836291,,1995,,,170,78,2.18,Alma,2026-04-22,
Louis Vuitton,1858343,,1230,,,181,83,2.18,Speedy,2026-04-11,
Louis Vuitton,1861051,,1895,,,170,78,2.18,Pochette Metis,2026-04-22,
Goyard,1885480,,2630,,,142,65,2.18,Saint Louis,2026-05-20,
Hermès,1844631,,29995,,,191,88,2.17,Kelly,2026-04-01,
Chanel,1786291,,2595,,,282,130,2.17,,2025-12-31,
Chanel,1790173,,2195,,,275,127,2.17,Wallet On Chain,2026-01-07,
Louis Vuitton,1848283,,7865,,,191,88,2.17,,2026-04-01,
Louis Vuitton,1854144,,890,,,178,82,2.17,,2026-04-14,
Goyard,1809914,,2150,,,245,113,2.17,Belvedere,2026-02-06,
Bottega Veneta,1865727,,1990,,,174,80,2.17,,2026-04-18,
Celine,1800603,,3010,,,254,117,2.17,Luggage,2026-01-28,
Hermès,1796937,,4995,,,251,116,2.16,,2026-01-31,
Chanel,1784238,,2115,,,274,127,2.16,,2026-01-08,
Chanel,1790519,,2325,,,274,127,2.16,Boy,2026-01-08,
Chanel,1845663,,9595,,,192,89,2.16,Double Flap,2026-03-31,
Louis Vuitton,1846320,,2335,,,190,88,2.16,Speedy,2026-04-02,
Louis Vuitton,1847154,,4330,,,190,88,2.16,,2026-04-02,
Louis Vuitton,1857904,,550,,,177,82,2.16,,2026-04-15,
Louis Vuitton,1873200,,1570,,,158,73,2.16,Pochette Metis,2026-05-04,
Hermès,1811650,,9750,,,239,111,2.15,Constance,2026-02-12,
Hermès,1813476,,10995,,,239,111,2.15,,2026-02-12,
Chanel,1816724,,4095,,,234,109,2.15,,2026-02-17,
Chanel,1844893,,6995,,,191,89,2.15,,2026-04-01,
Chanel,1850187,,7995,,,191,89,2.15,Double Flap,2026-04-01,
Louis Vuitton,1837437,,2895,,,189,88,2.15,,2026-04-03,
Louis Vuitton,1847401,,900,,,176,82,2.15,,2026-04-16,
Louis Vuitton,1847676,,795,,,176,82,2.15,,2026-04-16,
Louis Vuitton,1850138,,2450,,,189,88,2.15,,2026-04-03,
Louis Vuitton,1854718,,895,,,176,82,2.15,,2026-04-16,
Louis Vuitton,1856562,,1795,,,168,78,2.15,,2026-04-24,
Louis Vuitton,1857161,,1850,,,168,78,2.15,,2026-04-24,
Louis Vuitton,1860266,,1895,,,168,78,2.15,,2026-04-24,
Louis Vuitton,1861546,,1950,,,168,78,2.15,,2026-04-24,
Louis Vuitton,1867277,,1645,,,157,73,2.15,,2026-05-05,
Louis Vuitton,1870428,,1495,,,157,73,2.15,,2026-05-05,
Dior,1834352,,1375,,,206,96,2.15,Lady Dior,2026-03-17,
Dior,1836206,,1690,,,206,96,2.15,,2026-03-17,
Prada,1881658,,1420,,,146,68,2.15,,2026-05-16,
Chanel,1797006,,3995,,,233,109,2.14,,2026-02-18,
Louis Vuitton,1850695,,1280,,,178,83,2.14,Speedy,2026-04-14,
Louis Vuitton,1851938,,2595,,,188,88,2.14,,2026-04-04,
Louis Vuitton,1856061,,995,,,178,83,2.14,,2026-04-14,
Cartier,1836425,,995,,,154,72,2.14,,2026-05-08,
Cartier,1836427,,995,,,154,72,2.14,,2026-05-08,
Cartier,1873232,,1295,,,148,69,2.14,,2026-05-14,
Chanel,1846763,,7295,,,190,89,2.13,Double Flap,2026-04-02,
Louis Vuitton,1844441,,1150,,,177,83,2.13,,2026-04-15,
Louis Vuitton,1855396,,1250,,,177,83,2.13,Neverfull,2026-04-15,
Louis Vuitton,1856772,,1250,,,177,83,2.13,Neverfull,2026-04-15,
Louis Vuitton,1862179,,850,,,175,82,2.13,,2026-04-17,
Cartier,1885136,,5495,,,134,63,2.13,LOVE,2026-05-28,
Chanel,1790696,,2995,,,275,130,2.12,Chanel 19,2026-01-07,
Chanel,1794888,,1905,,,269,127,2.12,,2026-01-13,
Chanel,1800716,,6175,,,248,117,2.12,,2026-02-03,
Chanel,1816482,,3995,,,231,109,2.12,Boy,2026-02-20,
Louis Vuitton,1842495,,1295,,,176,83,2.12,Speedy,2026-04-16,
Louis Vuitton,1859455,,1495,,,155,73,2.12,,2026-05-07,
Louis Vuitton,1859958,,1450,,,155,73,2.12,,2026-05-07,
Louis Vuitton,1868644,,1795,,,165,78,2.12,Pochette Metis,2026-04-27,
Hermès,1809858,,3825,,,245,116,2.11,,2026-02-06,
Chanel,1795750,,1995,,,268,127,2.11,,2026-01-14,
The Row,1851724,,6495,,,188,89,2.11,,2026-04-04,
Louis Vuitton,1755936,,1650,,,154,73,2.11,,2026-05-08,
Louis Vuitton,1847494,,1095,,,175,83,2.11,Speedy,2026-04-17,
Louis Vuitton,1859581,,1595,,,154,73,2.11,,2026-05-08,
Louis Vuitton,1860896,,1255,,,175,83,2.11,,2026-04-17,
Louis Vuitton,1862167,,975,,,175,83,2.11,,2026-04-17,
Prada,1847345,,3295,,,184,87,2.11,,2026-04-08,
Prada,1851930,,1795,,,184,87,2.11,Re-Edition,2026-04-08,
Bottega Veneta,1837679,,1470,,,203,96,2.11,,2026-03-20,
Bottega Veneta,1838743,,1165,,,203,96,2.11,,2026-03-20,
Louis Vuitton,1845260,,2845,,,185,88,2.1,Speedy,2026-04-07,
Dior,1853151,,4495,,,181,86,2.1,Lady Dior,2026-04-11,
Cartier,1851840,,3295,,,170,81,2.1,,2026-04-22,
Hermès,1817898,,8450,,,232,111,2.09,Kelly,2026-02-19,
Chanel,1804111,,6580,,,245,117,2.09,,2026-02-06,
Louis Vuitton,1843714,,5095,,,184,88,2.09,,2026-04-08,
Louis Vuitton,1867381,,2195,,,163,78,2.09,,2026-04-29,
Chanel,1813389,,4250,,,227,109,2.08,Boy,2026-02-24,
Chanel,1819363,,3500,,,227,109,2.08,,2026-02-24,
Louis Vuitton,1852256,,1865,,,162,78,2.08,,2026-04-30,
Louis Vuitton,1853044,,2795,,,183,88,2.08,,2026-04-09,
Louis Vuitton,1867362,,2095,,,162,78,2.08,Pochette Metis,2026-04-30,
Louis Vuitton,1870226,,1795,,,162,78,2.08,,2026-04-30,
Chanel,1815981,,3725,,,226,109,2.07,,2026-02-25,
Louis Vuitton,1856551,,2925,,,182,88,2.07,,2026-04-10,
Louis Vuitton,1876242,,1435,,,151,73,2.07,,2026-05-11,
Louis Vuitton,1878283,,1495,,,151,73,2.07,Neverfull,2026-05-11,
Louis Vuitton,1878940,,1420,,,151,73,2.07,Speedy,2026-05-11,
Dior,1846656,,3485,,,178,86,2.07,,2026-04-14,
Chanel,1792422,,950,,,262,127,2.06,,2026-01-20,
Chanel,1796838,,1850,,,261,127,2.06,,2026-01-21,
Chanel,1811527,,6050,,,241,117,2.06,,2026-02-10,
Chanel,1821525,,4025,,,224,109,2.06,Boy,2026-02-27,
Louis Vuitton,1853973,,595,,,169,82,2.06,,2026-04-23,
Goyard,1803296,,2150,,,233,113,2.06,Saint Louis,2026-02-18,
Cartier,1878537,,7495,,,134,65,2.06,LOVE,2026-05-28,
Bottega Veneta,1865918,,4935,,,167,81,2.06,,2026-04-25,
Celine,1881962,,1610,,,140,68,2.06,Triomphe,2026-05-22,
Celine,1884357,,1650,,,140,68,2.06,Triomphe,2026-05-22,
Chanel,1796222,,2750,,,266,130,2.05,,2026-01-16,
Chanel,1798422,,2450,,,260,127,2.05,,2026-01-22,
Chanel,1804070,,4825,,,240,117,2.05,,2026-02-11,
Chanel,1813959,,5240,,,240,117,2.05,,2026-02-11,
Chanel,1824892,,4150,,,223,109,2.05,,2026-02-28,
Chanel,1825460,,4095,,,223,109,2.05,,2026-02-28,
Dior,1854667,,3350,,,178,87,2.05,,2026-04-14,
Hermès,1820142,,11335,,,226,111,2.04,Lindy,2026-02-25,
Chanel,1794910,,2650,,,265,130,2.04,,2026-01-17,
Chanel,1801151,,2295,,,259,127,2.04,,2026-01-23,
Chanel,1813175,,5195,,,239,117,2.04,,2026-02-12,
Louis Vuitton,1862117,,1250,,,169,83,2.04,Pochette Metis,2026-04-23,
Louis Vuitton,1879972,,1450,,,149,73,2.04,Neverfull,2026-05-13,
Dior,1838688,,1750,,,196,96,2.04,,2026-03-27,
Bottega Veneta,1829467,,950,,,210,103,2.04,Cassette,2026-03-13,
Celine,1843379,,1470,,,198,97,2.04,,2026-03-25,
Celine,1885724,,1795,,,139,68,2.04,,2026-05-23,
Chanel,1802400,,5400,,,238,117,2.03,,2026-02-13,
Louis Vuitton,1857087,,4895,,,179,88,2.03,,2026-04-13,
Celine,1838239,,1495,,,197,97,2.03,Luggage,2026-03-26,
Hermès,1839519,,19095,,,198,98,2.02,Birkin 30,2026-03-25,
Hermès,1860675,,49995,,,178,88,2.02,,2026-04-14,
Louis Vuitton,1852582,,2335,,,178,88,2.02,,2026-04-14,
Louis Vuitton,1856270,,5595,,,178,88,2.02,,2026-04-14,
Louis Vuitton,1856507,,3140,,,178,88,2.02,,2026-04-14,
Louis Vuitton,1864342,,1295,,,168,83,2.02,Neverfull,2026-04-24,
Prada,1850877,,2195,,,176,87,2.02,,2026-04-16,
Bottega Veneta,1860376,,4365,,,164,81,2.02,,2026-04-28,
Chanel,1764530,,2850,,,261,130,2.01,Boy,2026-01-21,
Louis Vuitton,1841352,,2650,,,177,88,2.01,,2026-04-15,
Louis Vuitton,1850816,,2020,,,157,78,2.01,,2026-05-05,
Louis Vuitton,1858481,,2095,,,157,78,2.01,,2026-05-05,
Louis Vuitton,1860068,,2295,,,177,88,2.01,,2026-04-15,
Louis Vuitton,1866980,,2035,,,157,78,2.01,,2026-05-05,
Louis Vuitton,1867039,,825,,,165,82,2.01,,2026-04-27,
Cartier,1876602,,1425,,,139,69,2.01,LOVE,2026-05-23,
Bottega Veneta,1865621,,4250,,,163,81,2.01,Andiamo,2026-04-29,
Hermès,1826922,,17995,,,196,98,2,Birkin 30,2026-03-27,
Chanel,1800567,,3385,,,260,130,2,Boy,2026-01-22,
Chanel,1818282,,6150,,,234,117,2,,2026-02-17,
Chanel,1849565,,9305,,,178,89,2,,2026-04-14,
Louis Vuitton,1851212,,4095,,,176,88,2,,2026-04-16,
Louis Vuitton,1855225,,2375,,,176,88,2,,2026-04-16,
Louis Vuitton,1880237,,1615,,,146,73,2,,2026-05-16,
Goyard,1879704,,2750,,,140,70,2,,2026-05-22,
Goyard,1887951,,2995,,,140,70,2,,2026-05-22,
Dior,1861999,,2995,,,174,87,2,,2026-04-18,
Hermès,1811583,,5295,,,231,116,1.99,,2026-02-20,
Hermès,1864708,,21595,,,175,88,1.99,Kelly,2026-04-17,
Chanel,1815428,,6565,,,233,117,1.99,,2026-02-18,
Louis Vuitton,1847450,,2385,,,175,88,1.99,,2026-04-17,
Louis Vuitton,1847985,,2750,,,175,88,1.99,,2026-04-17,
Louis Vuitton,1853829,,2695,,,175,88,1.99,,2026-04-17,
Louis Vuitton,1860716,,2595,,,175,88,1.99,,2026-04-17,
Louis Vuitton,1861559,,4995,,,175,88,1.99,Speedy,2026-04-17,
Louis Vuitton,1861907,,695,,,163,82,1.99,,2026-04-29,
Louis Vuitton,1863584,,5875,,,175,88,1.99,,2026-04-17,
Louis Vuitton,1874757,,1850,,,155,78,1.99,Speedy,2026-05-07,
Louis Vuitton,1875492,,1935,,,155,78,1.99,Pochette Metis,2026-05-07,
Prada,1839692,,1255,,,185,93,1.99,,2026-04-07,
Celine,1886929,,2095,,,135,68,1.99,Triomphe,2026-05-27,
Chanel,1830479,,4235,,,216,109,1.98,Chanel 19,2026-03-07,
Louis Vuitton,1846431,,3095,,,174,88,1.98,,2026-04-18,
Louis Vuitton,1860702,,2395,,,174,88,1.98,Pochette Metis,2026-04-18,
Louis Vuitton,1865756,,760,,,162,82,1.98,,2026-04-30,
Dior,1856762,,3905,,,170,86,1.98,Lady Dior,2026-04-22,
Dior,1866606,,4495,,,170,86,1.98,Lady Dior,2026-04-22,
Hermès,1827539,,9535,,,219,111,1.97,,2026-03-04,
Chanel,1861021,,9095,,,175,89,1.97,,2026-04-17,
Louis Vuitton,1883425,,1550,,,144,73,1.97,,2026-05-18,
Louis Vuitton,1886479,,1695,,,144,73,1.97,,2026-05-18,
Hermès,1833726,,12995,,,192,98,1.96,Constance,2026-03-31,
Chanel,1862959,,9495,,,174,89,1.96,,2026-04-18,
Louis Vuitton,1867694,,925,,,161,82,1.96,,2026-05-01,
Louis Vuitton,1869225,,1150,,,163,83,1.96,,2026-04-29,
Louis Vuitton,1875434,,1990,,,153,78,1.96,,2026-05-09,
Louis Vuitton,1886095,,1550,,,143,73,1.96,,2026-05-19,
Prada,1844612,,450,,,196,100,1.96,,2026-03-27,
Prada,1880630,,1355,,,133,68,1.96,,2026-05-29,
Chanel,1802857,,2995,,,254,130,1.95,Wallet On Chain,2026-01-28,
Chanel,1803088,,3395,,,254,130,1.95,,2026-01-28,
Chanel,1817099,,3500,,,213,109,1.95,,2026-03-10,
Louis Vuitton,1867049,,1345,,,162,83,1.95,,2026-04-30,
Louis Vuitton,1879159,,1420,,,142,73,1.95,Neverfull,2026-05-20,
Hermès,1823338,,5720,,,225,116,1.94,,2026-02-26,
Chanel,1769415,,2075,,,246,127,1.94,,2026-02-05,
Chanel,1823223,,5615,,,227,117,1.94,,2026-02-24,
Chanel,1829366,,4150,,,212,109,1.94,Chanel 19,2026-03-11,
Chanel,1832923,,4135,,,212,109,1.94,Boy,2026-03-11,
Chanel,1833273,,3595,,,211,109,1.94,Boy,2026-03-12,
Louis Vuitton,1861514,,5850,,,171,88,1.94,,2026-04-21,
Louis Vuitton,1871005,,1095,,,161,83,1.94,,2026-05-01,
Louis Vuitton,1877200,,1825,,,151,78,1.94,,2026-05-11,
Louis Vuitton,1878547,,2150,,,151,78,1.94,Pochette Metis,2026-05-11,
Cartier,1888451,,13995,,,126,65,1.94,,2026-06-05,
Bottega Veneta,1843721,,1350,,,186,96,1.94,,2026-04-06,
Hermès,1805554,,2850,,,253,131,1.93,,2026-01-29,
Chanel,1820638,,4775,,,226,117,1.93,,2026-02-25,
Chanel,1834314,,3825,,,210,109,1.93,Boy,2026-03-13,
Chanel,1834795,,3825,,,210,109,1.93,Boy,2026-03-13,
Louis Vuitton,1857298,,2500,,,170,88,1.93,,2026-04-22,
Louis Vuitton,1872011,,1160,,,160,83,1.93,,2026-05-02,
Louis Vuitton,1874949,,1610,,,141,73,1.93,,2026-05-21,
Louis Vuitton,1878084,,1595,,,141,73,1.93,,2026-05-21,
Louis Vuitton,1880768,,1675,,,141,73,1.93,,2026-05-21,
Cartier,1870153,,2320,,,156,81,1.93,,2026-05-06,
Hermès,1845670,,24995,,,169,88,1.92,Birkin 25,2026-04-23,
Louis Vuitton,1861676,,5030,,,169,88,1.92,,2026-04-23,
Louis Vuitton,1889701,,1395,,,140,73,1.92,,2026-05-22,
Dior,1866633,,2695,,,167,87,1.92,Lady Dior,2026-04-25,
Hermès,1854104,,23950,,,168,88,1.91,Birkin 25,2026-04-24,
Hermès,1862320,,20500,,,168,88,1.91,Kelly,2026-04-24,
Chanel,1820513,,6095,,,223,117,1.91,,2026-02-28,
Chanel,1824636,,5615,,,224,117,1.91,,2026-02-27,
Chanel,1864429,,9995,,,170,89,1.91,Double Flap,2026-04-22,
Louis Vuitton,1861070,,2385,,,168,88,1.91,,2026-04-24,
Louis Vuitton,1872228,,470,,,157,82,1.91,,2026-05-05,
Dior,1847921,,1815,,,183,96,1.91,,2026-04-09,
Cartier,1862902,,2650,,,155,81,1.91,,2026-05-07,
Bottega Veneta,1873410,,3865,,,155,81,1.91,,2026-05-07,
Celine,1824885,,3045,,,223,117,1.91,Triomphe,2026-02-28,
Hermès,1866216,,28995,,,167,88,1.9,Birkin 25,2026-04-25,
The Row,1873079,,1395,,,154,81,1.9,,2026-05-08,
Louis Vuitton,1866465,,6695,,,167,88,1.9,,2026-04-25,
Louis Vuitton,1880817,,2180,,,148,78,1.9,,2026-05-14,
Dior,1853568,,1355,,,182,96,1.9,Lady Dior,2026-04-10,
Dior,1867775,,2750,,,165,87,1.9,Saddle,2026-04-27,
Prada,1888627,,1675,,,129,68,1.9,,2026-06-02,
Hermès,1819459,,8450,,,210,111,1.89,Kelly,2026-03-13,
Hermès,1830873,,8050,,,210,111,1.89,Lindy,2026-03-13,
Chanel,1802192,,2475,,,240,127,1.89,,2026-02-11,
Chanel,1808185,,2850,,,246,130,1.89,,2026-02-05,
Chanel,1859696,,9135,,,168,89,1.89,,2026-04-24,
Goyard,1890130,,2995,,,132,70,1.89,,2026-05-30,
Dior,1821123,,2295,,,223,118,1.89,Lady Dior,2026-02-28,
Prada,1846951,,1950,,,164,87,1.89,Re-Edition,2026-04-28,
Hermès,1821679,,4040,,,218,116,1.88,,2026-03-05,
Chanel,1838054,,3995,,,205,109,1.88,Boy,2026-03-18,
Chanel,1838813,,3995,,,205,109,1.88,,2026-03-18,
Chanel,1865198,,6595,,,167,89,1.88,,2026-04-25,
Louis Vuitton,1871561,,1305,,,156,83,1.88,Neverfull,2026-05-06,
Louis Vuitton,1872451,,1270,,,156,83,1.88,Neverfull,2026-05-06,
Louis Vuitton,1881570,,1850,,,147,78,1.88,Alma,2026-05-15,
Goyard,1867305,,1995,,,162,86,1.88,,2026-04-30,
Chanel,1815208,,2400,,,238,127,1.87,,2026-02-13,
Chanel,1825779,,4660,,,219,117,1.87,,2026-03-04,
Chanel,1840216,,4250,,,204,109,1.87,Boy,2026-03-19,
Louis Vuitton,1873871,,995,,,155,83,1.87,Neverfull,2026-05-07,
Louis Vuitton,1873978,,1270,,,155,83,1.87,Alma,2026-05-07,
Louis Vuitton,1882772,,1885,,,146,78,1.87,,2026-05-16,
Cartier,1894083,,3995,,,118,63,1.87,,2026-06-13,
Cartier,1902400,,5995,,,118,63,1.87,LOVE,2026-06-13,
Prada,1892417,,1435,,,127,68,1.87,,2026-06-04,
Celine,1823434,,2450,,,219,117,1.87,Triomphe,2026-03-04,
Celine,1824003,,3705,,,219,117,1.87,Triomphe,2026-03-04,
Celine,1888441,,2075,,,127,68,1.87,Triomphe,2026-06-04,
Celine,1889927,,1595,,,127,68,1.87,,2026-06-04,
Hermès,1806293,,3530,,,216,116,1.86,,2026-03-07,
Hermès,1806298,,3600,,,216,116,1.86,,2026-03-07,
Chanel,1823017,,3500,,,203,109,1.86,,2026-03-20,
Chanel,1828003,,6495,,,218,117,1.86,,2026-03-05,
Louis Vuitton,1863053,,2695,,,164,88,1.86,,2026-04-28,
Louis Vuitton,1871829,,1325,,,154,83,1.86,Alma,2026-05-08,
Louis Vuitton,1872695,,970,,,154,83,1.86,,2026-05-08,
Louis Vuitton,1874028,,1040,,,154,83,1.86,Speedy,2026-05-08,
Cartier,1873253,,1150,,,134,72,1.86,,2026-05-28,
Bottega Veneta,1883210,,1595,,,149,80,1.86,,2026-05-13,
Hermès,1835227,,10170,,,205,111,1.85,Constance,2026-03-18,
Hermès,1835266,,11870,,,205,111,1.85,,2026-03-18,
Chanel,1801839,,2855,,,240,130,1.85,,2026-02-11,
Chanel,1867633,,8995,,,165,89,1.85,,2026-04-27,
Chanel,1867634,,9745,,,165,89,1.85,,2026-04-27,
Louis Vuitton,1859404,,1835,,,144,78,1.85,,2026-05-18,
Louis Vuitton,1881198,,1550,,,135,73,1.85,,2026-05-27,
Louis Vuitton,1885877,,1595,,,135,73,1.85,,2026-05-27,
Louis Vuitton,1890125,,1495,,,135,73,1.85,Pochette Metis,2026-05-27,
Dior,1850639,,1400,,,178,96,1.85,,2026-04-14,
Bottega Veneta,1878769,,1665,,,148,80,1.85,,2026-05-14,
Celine,1839566,,1015,,,204,110,1.85,Luggage,2026-03-19,
Hermès,1828199,,5765,,,213,116,1.84,,2026-03-10,
Chanel,1813166,,2635,,,239,130,1.84,,2026-02-12,
Chanel,1866681,,6895,,,164,89,1.84,Double Flap,2026-04-28,
Louis Vuitton,1859406,,895,,,151,82,1.84,,2026-05-11,
Louis Vuitton,1859408,,950,,,151,82,1.84,,2026-05-11,
Louis Vuitton,1859442,,895,,,151,82,1.84,,2026-05-11,
Louis Vuitton,1864812,,2450,,,162,88,1.84,,2026-04-30,
Louis Vuitton,1870220,,2750,,,162,88,1.84,,2026-04-30,
Louis Vuitton,1873471,,745,,,151,82,1.84,,2026-05-11,
Louis Vuitton,1878914,,1610,,,134,73,1.84,Pochette Metis,2026-05-28,
Louis Vuitton,1887033,,1355,,,134,73,1.84,Neverfull,2026-05-28,
Louis Vuitton,1889585,,1695,,,134,73,1.84,,2026-05-28,
Louis Vuitton,1891480,,1515,,,134,73,1.84,,2026-05-28,
Bottega Veneta,1848822,,875,,,190,103,1.84,,2026-04-02,
Hermès,1855705,,17500,,,179,98,1.83,,2026-04-13,
Chanel,1815721,,2950,,,238,130,1.83,,2026-02-13,
Chanel,1856085,,6745,,,163,89,1.83,,2026-04-29,
Chanel,1863951,,9135,,,163,89,1.83,,2026-04-29,
Louis Vuitton,1867676,,2515,,,161,88,1.83,,2026-05-01,
Louis Vuitton,1869887,,850,,,150,82,1.83,,2026-05-12,
Louis Vuitton,1874956,,2235,,,143,78,1.83,,2026-05-19,
Louis Vuitton,1881545,,2025,,,143,78,1.83,,2026-05-19,
Cartier,1889854,,9770,,,119,65,1.83,LOVE,2026-06-12,
Cartier,1891006,,6795,,,119,65,1.83,LOVE,2026-06-12,
Bottega Veneta,1840140,,1150,,,176,96,1.83,,2026-04-16,
Bottega Veneta,1855236,,1195,,,176,96,1.83,Cassette,2026-04-16,
Hermès,1805253,,2875,,,239,131,1.82,,2026-02-12,
Hermès,1813232,,2895,,,239,131,1.82,,2026-02-12,
Hermès,1818342,,950,,,238,131,1.82,,2026-02-13,
Hermès,1872137,,68995,,,160,88,1.82,,2026-05-02,
Chanel,1824744,,4850,,,213,117,1.82,,2026-03-10,
Chanel,1825098,,5165,,,213,117,1.82,,2026-03-10,
Chanel,1844190,,3795,,,198,109,1.82,,2026-03-25,
Chanel,1868692,,8165,,,162,89,1.82,,2026-04-30,
Chanel,1869025,,6595,,,162,89,1.82,,2026-04-30,
Louis Vuitton,1865238,,895,,,149,82,1.82,,2026-05-13,
Louis Vuitton,1876327,,695,,,149,82,1.82,,2026-05-13,
Louis Vuitton,1876406,,1325,,,151,83,1.82,,2026-05-11,
Louis Vuitton,1880853,,1995,,,142,78,1.82,Speedy,2026-05-20,
Chanel,1826861,,4250,,,197,109,1.81,Boy,2026-03-26,
Chanel,1828374,,5295,,,212,117,1.81,,2026-03-11,
Chanel,1840243,,4295,,,197,109,1.81,,2026-03-26,
Chanel,1841894,,4250,,,197,109,1.81,Boy,2026-03-26,
Chanel,1869205,,14995,,,161,89,1.81,,2026-05-01,
Chanel,1870877,,9395,,,161,89,1.81,,2026-05-01,
Louis Vuitton,1865598,,1095,,,150,83,1.81,,2026-05-12,
Louis Vuitton,1874926,,2205,,,141,78,1.81,,2026-05-21,
Louis Vuitton,1883360,,2120,,,141,78,1.81,Speedy,2026-05-21,
Louis Vuitton,1890203,,1485,,,132,73,1.81,,2026-05-30,
Goyard,1890028,,2885,,,127,70,1.81,,2026-06-04,
Dior,1829371,,2220,,,214,118,1.81,,2026-03-09,
Celine,1895540,,2250,,,123,68,1.81,,2026-06-08,
Chanel,1831219,,5720,,,211,117,1.8,,2026-03-12,
Chanel,1862649,,8495,,,160,89,1.8,,2026-05-02,
Chanel,1871449,,7285,,,160,89,1.8,,2026-05-02,
Louis Vuitton,1877416,,3795,,,158,88,1.8,,2026-05-04,
Louis Vuitton,1880667,,1250,,,149,83,1.8,Neverfull,2026-05-13,
Hermès,1782609,,2310,,,234,131,1.79,,2026-02-17,
Hermès,1807396,,1550,,,234,131,1.79,,2026-02-17,
Chanel,1812356,,2500,,,233,130,1.79,Wallet On Chain,2026-02-18,
Chanel,1816715,,3275,,,233,130,1.79,Chanel 19,2026-02-18,
Chanel,1823494,,5615,,,209,117,1.79,,2026-03-14,
Chanel,1827418,,5190,,,209,117,1.79,,2026-03-14,
Chanel,1835276,,5605,,,209,117,1.79,,2026-03-14,
Chanel,1842531,,3795,,,195,109,1.79,,2026-03-28,
Louis Vuitton,1834410,,795,,,147,82,1.79,,2026-05-15,
Louis Vuitton,1874966,,2290,,,140,78,1.79,,2026-05-22,
Louis Vuitton,1874982,,2205,,,140,78,1.79,,2026-05-22,
Louis Vuitton,1883064,,750,,,147,82,1.79,,2026-05-15,
Louis Vuitton,1883595,,1950,,,140,78,1.79,,2026-05-22,
Goyard,1875604,,1885,,,154,86,1.79,,2026-05-08,
Celine,1821617,,445,,,220,123,1.79,,2026-03-03,
Chanel,1805675,,2550,,,232,130,1.78,,2026-02-19,
Chanel,1809530,,2475,,,226,127,1.78,,2026-02-25,
Chanel,1813788,,2150,,,226,127,1.78,,2026-02-25,
Chanel,1815314,,2995,,,232,130,1.78,,2026-02-19,
Chanel,1819385,,3250,,,231,130,1.78,,2026-02-20,
Louis Vuitton,1852930,,5295,,,157,88,1.78,,2026-05-05,
Louis Vuitton,1855221,,2995,,,157,88,1.78,,2026-05-05,
Louis Vuitton,1856179,,3795,,,157,88,1.78,Speedy,2026-05-05,
Louis Vuitton,1860522,,3795,,,157,88,1.78,,2026-05-05,
Louis Vuitton,1861615,,5030,,,157,88,1.78,,2026-05-05,
Louis Vuitton,1866020,,4995,,,157,88,1.78,,2026-05-05,
Louis Vuitton,1870518,,5995,,,157,88,1.78,Speedy,2026-05-05,
Louis Vuitton,1882194,,1275,,,148,83,1.78,,2026-05-14,
Louis Vuitton,1884977,,1355,,,130,73,1.78,Neverfull,2026-06-01,
Louis Vuitton,1891385,,1595,,,130,73,1.78,,2026-06-01,
Goyard,1902589,,2595,,,116,65,1.78,Saint Louis,2026-06-15,
Dior,1877463,,4855,,,153,86,1.78,Lady Dior,2026-05-09,
Prada,1852403,,635,,,178,100,1.78,,2026-04-14,
Prada,1902448,,1525,,,121,68,1.78,,2026-06-10,
Celine,1901803,,1895,,,121,68,1.78,Triomphe,2026-06-10,
Hermès,1839625,,7595,,,197,111,1.77,,2026-03-26,
Chanel,1809649,,5675,,,207,117,1.77,,2026-03-16,
Prada,1858336,,660,,,177,100,1.77,,2026-04-15,
Hermès,1869358,,19995,,,155,88,1.76,Kelly,2026-05-07,
Chanel,1809305,,2450,,,224,127,1.76,,2026-02-27,
Chanel,1822704,,1895,,,224,127,1.76,,2026-02-27,
Chanel,1877178,,9995,,,157,89,1.76,,2026-05-05,
The Row,1894456,,3550,,,125,71,1.76,,2026-06-06,
Louis Vuitton,1874796,,3195,,,155,88,1.76,,2026-05-07,
Louis Vuitton,1875584,,2335,,,155,88,1.76,,2026-05-07,
Louis Vuitton,1883547,,760,,,144,82,1.76,,2026-05-18,
Goyard,1869803,,1895,,,151,86,1.76,Saint Louis,2026-05-11,
Goyard,1876321,,1575,,,151,86,1.76,,2026-05-11,
Goyard,1877648,,3195,,,153,87,1.76,,2026-05-09,
Dior,1876236,,3195,,,153,87,1.76,Lady Dior,2026-05-09,
Bottega Veneta,1891662,,2840,,,130,74,1.76,,2026-06-01,
Hermès,1862705,,24995,,,154,88,1.75,Birkin 30,2026-05-08,
Hermès,1872904,,30145,,,154,88,1.75,Kelly,2026-05-08,
Hermès,1873943,,24995,,,154,88,1.75,Birkin 30,2026-05-08,
Chanel,1831024,,6250,,,205,117,1.75,,2026-03-18,
Chanel,1848228,,3825,,,191,109,1.75,Boy,2026-04-01,
Chanel,1850594,,3995,,,191,109,1.75,Boy,2026-04-01,
Chanel,1868688,,7755,,,156,89,1.75,,2026-05-06,
Chanel,1870020,,7495,,,156,89,1.75,,2026-05-06,
Chanel,1871097,,7295,,,156,89,1.75,,2026-05-06,
Chanel,1876736,,10250,,,156,89,1.75,,2026-05-06,
The Row,1881459,,875,,,142,81,1.75,,2026-05-20,
Louis Vuitton,1858408,,2595,,,154,88,1.75,,2026-05-08,
Louis Vuitton,1871991,,2865,,,154,88,1.75,,2026-05-08,
Louis Vuitton,1876138,,2545,,,154,88,1.75,,2026-05-08,
Goyard,1908141,,2475,,,114,65,1.75,,2026-06-17,
Cartier,1881786,,1185,,,126,72,1.75,,2026-06-05,
Prada,1861387,,595,,,175,100,1.75,,2026-04-17,
Prada,1903650,,1595,,,119,68,1.75,,2026-06-12,
Prada,1903774,,1400,,,119,68,1.75,Re-Edition,2026-06-12,
Celine,1838776,,2650,,,205,117,1.75,Triomphe,2026-03-18,
Chanel,1814805,,2550,,,226,130,1.74,,2026-02-25,
Chanel,1822103,,2500,,,226,130,1.74,,2026-02-25,
Chanel,1843268,,3495,,,190,109,1.74,,2026-04-02,
Chanel,1848201,,3825,,,190,109,1.74,Boy,2026-04-02,
Chanel,1874308,,9995,,,155,89,1.74,,2026-05-07,
Louis Vuitton,1876456,,2995,,,153,88,1.74,,2026-05-09,
Louis Vuitton,1877424,,6565,,,153,88,1.74,,2026-05-09,
Louis Vuitton,1879869,,880,,,143,82,1.74,,2026-05-19,
Louis Vuitton,1881977,,925,,,143,82,1.74,Speedy,2026-05-19,
Louis Vuitton,1883056,,720,,,143,82,1.74,,2026-05-19,
Louis Vuitton,1886361,,795,,,143,82,1.74,,2026-05-19,
Goyard,1875103,,4195,,,151,87,1.74,Saint Louis,2026-05-11,
Celine,1904582,,1755,,,118,68,1.74,,2026-06-13,
Chanel,1765269,,6755,,,154,89,1.73,,2026-05-08,
Chanel,1825088,,2295,,,220,127,1.73,,2026-03-03,
Chanel,1871859,,6695,,,154,89,1.73,Double Flap,2026-05-08,
Chanel,1875087,,8995,,,154,89,1.73,Double Flap,2026-05-08,
Chanel,1876132,,8995,,,154,89,1.73,,2026-05-08,
Chanel,1876414,,10445,,,154,89,1.73,,2026-05-08,
Louis Vuitton,1874876,,1350,,,144,83,1.73,,2026-05-18,
Louis Vuitton,1876967,,525,,,142,82,1.73,,2026-05-20,
Louis Vuitton,1883398,,1280,,,144,83,1.73,,2026-05-18,
Louis Vuitton,1883926,,1295,,,144,83,1.73,,2026-05-18,
Louis Vuitton,1885855,,2095,,,135,78,1.73,,2026-05-27,
Bottega Veneta,1855004,,520,,,178,103,1.73,Cassette,2026-04-14,
Bottega Veneta,1893399,,3055,,,128,74,1.73,,2026-06-03,
Hermès,1847904,,6835,,,191,111,1.72,,2026-04-01,
Chanel,1811302,,2995,,,223,130,1.72,,2026-02-28,
Chanel,1825489,,3395,,,223,130,1.72,,2026-02-28,
Chanel,1850793,,3650,,,187,109,1.72,,2026-04-05,
Louis Vuitton,1859429,,2920,,,151,88,1.72,,2026-05-11,
Louis Vuitton,1865529,,2470,,,151,88,1.72,,2026-05-11,
Louis Vuitton,1874712,,2650,,,151,88,1.72,,2026-05-11,
Louis Vuitton,1878979,,2325,,,151,88,1.72,Neverfull,2026-05-11,
Louis Vuitton,1879156,,5450,,,151,88,1.72,Speedy,2026-05-11,
Louis Vuitton,1883243,,2095,,,134,78,1.72,Speedy,2026-05-28,
Louis Vuitton,1884512,,1320,,,143,83,1.72,Neverfull,2026-05-19,
Prada,1896655,,950,,,122,71,1.72,Re-Edition,2026-06-09,
Bottega Veneta,1856645,,595,,,177,103,1.72,,2026-04-15,
Celine,1831029,,900,,,212,123,1.72,Luggage,2026-03-11,
Hermès,1826928,,6595,,,190,111,1.71,,2026-04-02,
Hermès,1848516,,11250,,,190,111,1.71,,2026-04-02,
Hermès,1852927,,15150,,,168,98,1.71,Birkin 30,2026-04-24,
Hermès,1854098,,15950,,,168,98,1.71,Kelly,2026-04-24,
Chanel,1829385,,2450,,,217,127,1.71,,2026-03-06,
Louis Vuitton,1874965,,470,,,140,82,1.71,,2026-05-22,
Louis Vuitton,1882284,,2085,,,133,78,1.71,,2026-05-29,
Louis Vuitton,1894496,,1395,,,125,73,1.71,Speedy,2026-06-06,
Dior,1880509,,3370,,,149,87,1.71,Lady Dior,2026-05-13,
Prada,1857945,,365,,,171,100,1.71,,2026-04-21,
Bottega Veneta,1856556,,750,,,176,103,1.71,,2026-04-16,
Celine,1851503,,1135,,,188,110,1.71,,2026-04-04,
Celine,1905971,,1720,,,116,68,1.71,Triomphe,2026-06-15,
Hermès,1872487,,19995,,,150,88,1.7,Kelly,2026-05-12,
Chanel,1839840,,6495,,,199,117,1.7,,2026-03-24,
Chanel,1853067,,3995,,,185,109,1.7,Boy,2026-04-07,
Chanel,1876122,,14750,,,151,89,1.7,,2026-05-11,
Chanel,1877334,,8995,,,151,89,1.7,Double Flap,2026-05-11,
Louis Vuitton,1869884,,2450,,,150,88,1.7,,2026-05-12,
Louis Vuitton,1874946,,1275,,,141,83,1.7,,2026-05-21,
Louis Vuitton,1882025,,1230,,,141,83,1.7,,2026-05-21,
Bottega Veneta,1893073,,2495,,,126,74,1.7,,2026-06-05,
Hermès,1846726,,6795,,,188,111,1.69,Lindy,2026-04-04,
Chanel,1829873,,4795,,,198,117,1.69,,2026-03-25,
Chanel,1831988,,2150,,,214,127,1.69,,2026-03-09,
Chanel,1843782,,5495,,,198,117,1.69,,2026-03-25,
Chanel,1878706,,15145,,,150,89,1.69,,2026-05-12,
Louis Vuitton,1870569,,14395,,,149,88,1.69,Speedy,2026-05-13,
Louis Vuitton,1871450,,3795,,,149,88,1.69,,2026-05-13,
Louis Vuitton,1875200,,2695,,,149,88,1.69,,2026-05-13,
Louis Vuitton,1879934,,2635,,,149,88,1.69,,2026-05-13,
Louis Vuitton,1880193,,5485,,,149,88,1.69,,2026-05-13,
Cartier,1886837,,1150,,,122,72,1.69,,2026-06-09,
Prada,1905629,,1650,,,115,68,1.69,,2026-06-16,
Prada,1907007,,1355,,,115,68,1.69,,2026-06-16,
Celine,1905396,,1750,,,115,68,1.69,Triomphe,2026-06-16,
Chanel,1823061,,2645,,,218,130,1.68,,2026-03-05,
Chanel,1826628,,2645,,,219,130,1.68,,2026-03-04,
Chanel,1832811,,5295,,,196,117,1.68,,2026-03-27,
Chanel,1837944,,5395,,,197,117,1.68,,2026-03-26,
Chanel,1839295,,4895,,,197,117,1.68,,2026-03-26,
Chanel,1843447,,5095,,,196,117,1.68,Wallet On Chain,2026-03-27,
Chanel,1847723,,3995,,,183,109,1.68,,2026-04-09,
Chanel,1852283,,4250,,,183,109,1.68,Boy,2026-04-09,
Louis Vuitton,1883813,,2695,,,148,88,1.68,,2026-05-14,
Louis Vuitton,1893611,,1395,,,123,73,1.68,,2026-06-08,
Cartier,1901482,,1695,,,116,69,1.68,,2026-06-15,
Prada,1867407,,1040,,,156,93,1.68,,2026-05-06,
Prada,1880369,,1995,,,146,87,1.68,,2026-05-16,
Prada,1907721,,1355,,,114,68,1.68,,2026-06-17,
Chanel,1828591,,2495,,,217,130,1.67,Boy,2026-03-06,
Chanel,1829736,,2850,,,217,130,1.67,,2026-03-06,
Chanel,1830214,,2850,,,217,130,1.67,Boy,2026-03-06,
Chanel,1874513,,8795,,,149,89,1.67,,2026-05-13,
Chanel,1878652,,19185,,,149,89,1.67,,2026-05-13,
Chanel,1880708,,9395,,,149,89,1.67,Double Flap,2026-05-13,
Chanel,1880729,,8455,,,149,89,1.67,,2026-05-13,
Louis Vuitton,1853046,,1395,,,122,73,1.67,,2026-06-09,
Louis Vuitton,1880464,,1750,,,122,73,1.67,,2026-06-09,
Louis Vuitton,1883257,,2550,,,147,88,1.67,,2026-05-15,
Louis Vuitton,1885018,,2150,,,130,78,1.67,,2026-06-01,
Louis Vuitton,1891015,,2195,,,130,78,1.67,,2026-06-01,
Louis Vuitton,1891606,,1755,,,130,78,1.67,,2026-06-01,
Louis Vuitton,1892912,,1355,,,122,73,1.67,,2026-06-09,
Louis Vuitton,1901414,,1495,,,122,73,1.67,,2026-06-09,
Louis Vuitton,1901543,,1575,,,122,73,1.67,,2026-06-09,
Dior,1883916,,3775,,,144,86,1.67,Lady Dior,2026-05-18,
Hermès,1832841,,1095,,,218,131,1.66,,2026-03-05,
Hermès,1860729,,17095,,,163,98,1.66,Kelly,2026-04-29,
Hermès,1865464,,12595,,,163,98,1.66,Kelly,2026-04-29,
Chanel,1857885,,3625,,,181,109,1.66,Chanel 19,2026-04-11,
Chanel,1881144,,6595,,,148,89,1.66,Boy,2026-05-14,
Louis Vuitton,1879493,,2895,,,146,88,1.66,Neverfull,2026-05-16,
Louis Vuitton,1882593,,3705,,,146,88,1.66,,2026-05-16,
Louis Vuitton,1902463,,1695,,,121,73,1.66,,2026-06-10,
Goyard,1854325,,2895,,,116,70,1.66,Saint Louis,2026-06-15,
Goyard,1881566,,2050,,,143,86,1.66,Saint Louis,2026-05-19,
Dior,1884050,,3695,,,143,86,1.66,Saddle,2026-05-19,
Prada,1906389,,1755,,,113,68,1.66,,2026-06-18,
Bottega Veneta,1894283,,2750,,,123,74,1.66,Jodie,2026-06-08,
Hermès,1861519,,12995,,,162,98,1.65,Constance,2026-04-30,
Chanel,1874034,,7450,,,147,89,1.65,,2026-05-15,
Louis Vuitton,1880698,,795,,,135,82,1.65,,2026-05-27,
Louis Vuitton,1882872,,2205,,,129,78,1.65,,2026-06-02,
Cartier,1887626,,995,,,119,72,1.65,,2026-06-12,
Cartier,1893735,,6950,,,107,65,1.65,LOVE,2026-06-24,
Prada,1911957,,1660,,,112,68,1.65,Re-Edition,2026-06-19,
Bottega Veneta,1892476,,2120,,,122,74,1.65,,2026-06-09,
Celine,1909025,,1750,,,112,68,1.65,Triomphe,2026-06-19,
Chanel,1812679,,2850,,,213,130,1.64,,2026-03-10,
Chanel,1839221,,5435,,,192,117,1.64,,2026-03-31,
Chanel,1847286,,4795,,,192,117,1.64,Wallet On Chain,2026-03-31,
Chanel,1860462,,3995,,,179,109,1.64,Boy,2026-04-13,
Chanel,1881559,,8095,,,146,89,1.64,Double Flap,2026-05-16,
The Row,1882550,,5775,,,146,89,1.64,Margaux,2026-05-16,
The Row,1883149,,5495,,,146,89,1.64,Margaux,2026-05-16,
Louis Vuitton,1874930,,2595,,,144,88,1.64,,2026-05-18,
Louis Vuitton,1883919,,2885,,,144,88,1.64,,2026-05-18,
Louis Vuitton,1893383,,1795,,,128,78,1.64,,2026-06-03,
Louis Vuitton,1895940,,1630,,,120,73,1.64,,2026-06-11,
Goyard,1880826,,1895,,,141,86,1.64,Saint Louis,2026-05-21,
Cartier,1886834,,1525,,,113,69,1.64,,2026-06-18,
Bottega Veneta,1901847,,2095,,,121,74,1.64,Jodie,2026-06-10,
Hermès,1868327,,13255,,,160,98,1.63,Constance,2026-05-02,
Hermès,1872561,,18995,,,160,98,1.63,Kelly,2026-05-02,
Hermès,1883880,,23745,,,143,88,1.63,Birkin 30,2026-05-19,
Hermès,1884848,,20895,,,143,88,1.63,Kelly,2026-05-19,
Chanel,1833235,,3450,,,212,130,1.63,,2026-03-11,
Chanel,1836752,,2595,,,212,130,1.63,,2026-03-11,
Chanel,1850427,,3595,,,178,109,1.63,,2026-04-14,
Chanel,1853516,,4365,,,178,109,1.63,,2026-04-14,
Chanel,1854704,,3895,,,178,109,1.63,,2026-04-14,
Chanel,1855668,,3895,,,178,109,1.63,Boy,2026-04-14,
Chanel,1856933,,4250,,,178,109,1.63,Boy,2026-04-14,
Louis Vuitton,1876915,,805,,,134,82,1.63,,2026-05-28,
Louis Vuitton,1879924,,795,,,134,82,1.63,,2026-05-28,
Louis Vuitton,1881926,,1270,,,135,83,1.63,,2026-05-27,
Louis Vuitton,1883466,,2695,,,143,88,1.63,,2026-05-19,
Louis Vuitton,1885122,,795,,,134,82,1.63,,2026-05-28,
Louis Vuitton,1903388,,1380,,,119,73,1.63,,2026-06-12,
Louis Vuitton,1903631,,1610,,,119,73,1.63,,2026-06-12,
Goyard,1886952,,4295,,,142,87,1.63,,2026-05-20,
Cartier,1880252,,2495,,,132,81,1.63,,2026-05-30,
Cartier,1909369,,8995,,,106,65,1.63,,2026-06-25,
Celine,1907556,,2290,,,111,68,1.63,Triomphe,2026-06-20,
Hermès,1842997,,5495,,,188,116,1.62,,2026-04-04,
Chanel,1809613,,2435,,,206,127,1.62,Boy,2026-03-17,
Chanel,1838146,,1650,,,206,127,1.62,,2026-03-17,
Chanel,1844444,,3695,,,177,109,1.62,,2026-04-15,
Chanel,1846026,,5995,,,190,117,1.62,,2026-04-02,
Chanel,1848104,,5695,,,190,117,1.62,,2026-04-02,
Chanel,1848637,,5605,,,190,117,1.62,,2026-04-02,
Chanel,1848762,,6585,,,190,117,1.62,,2026-04-02,
Chanel,1853780,,3695,,,177,109,1.62,,2026-04-15,
Chanel,1860349,,4195,,,177,109,1.62,,2026-04-15,
Chanel,1885831,,8995,,,144,89,1.62,,2026-05-18,
Chanel,1887480,,6995,,,144,89,1.62,,2026-05-18,
The Row,1905670,,3595,,,115,71,1.62,,2026-06-16,
Louis Vuitton,1876932,,795,,,133,82,1.62,,2026-05-29,
Louis Vuitton,1885102,,795,,,133,82,1.62,,2026-05-29,
Louis Vuitton,1886768,,930,,,133,82,1.62,,2026-05-29,
Louis Vuitton,1893601,,1795,,,126,78,1.62,Neverfull,2026-06-05,
Dior,1849359,,2205,,,191,118,1.62,Saddle,2026-04-01,
Dior,1880632,,3415,,,141,87,1.62,,2026-05-21,
Dior,1884630,,4095,,,139,86,1.62,,2026-05-23,
Cartier,1920187,,4850,,,102,63,1.62,LOVE,2026-06-29,
Chanel,1831547,,2650,,,209,130,1.61,,2026-03-14,
Chanel,1847438,,4250,,,175,109,1.61,Boy,2026-04-17,
Chanel,1855395,,4250,,,175,109,1.61,Boy,2026-04-17,
Chanel,1860357,,4250,,,175,109,1.61,Boy,2026-04-17,
Chanel,1862091,,3825,,,175,109,1.61,Boy,2026-04-17,
Chanel,1864049,,4225,,,175,109,1.61,Wallet On Chain,2026-04-17,
Chanel,1883010,,12595,,,143,89,1.61,,2026-05-19,
Louis Vuitton,1876942,,695,,,132,82,1.61,,2026-05-30,
Louis Vuitton,1884160,,2450,,,142,88,1.61,,2026-05-20,
Louis Vuitton,1884467,,1075,,,134,83,1.61,Speedy,2026-05-28,
Dior,1888186,,3140,,,140,87,1.61,Saddle,2026-05-22,
Prada,1866295,,1150,,,150,93,1.61,,2026-05-12,
Celine,1864914,,1195,,,156,97,1.61,,2026-05-06,
Celine,1867747,,1550,,,156,97,1.61,,2026-05-06,
Hermès,1831255,,2925,,,210,131,1.6,,2026-03-13,
Hermès,1837997,,11045,,,178,111,1.6,Kelly,2026-04-14,
Chanel,1883529,,10500,,,142,89,1.6,,2026-05-20,
Chanel,1886918,,7195,,,142,89,1.6,Double Flap,2026-05-20,
Louis Vuitton,1871899,,4295,,,141,88,1.6,,2026-05-21,
Louis Vuitton,1876923,,1125,,,133,83,1.6,,2026-05-29,
Louis Vuitton,1881224,,1295,,,133,83,1.6,,2026-05-29,
Louis Vuitton,1885071,,1050,,,133,83,1.6,,2026-05-29,
Louis Vuitton,1886770,,1095,,,133,83,1.6,,2026-05-29,
Louis Vuitton,1888709,,1230,,,133,83,1.6,Speedy,2026-05-29,
Louis Vuitton,1891343,,2205,,,125,78,1.6,,2026-06-06,
Prada,1886898,,1990,,,139,87,1.6,Re-Edition,2026-05-23,
Hermès,1868094,,12950,,,156,98,1.59,Kelly,2026-05-06,
Hermès,1882071,,22195,,,140,88,1.59,Birkin 30,2026-05-22,
Chanel,1842071,,2350,,,202,127,1.59,,2026-03-21,
Louis Vuitton,1876995,,805,,,130,82,1.59,,2026-06-01,
Louis Vuitton,1884979,,895,,,130,82,1.59,Speedy,2026-06-01,
Louis Vuitton,1885010,,760,,,130,82,1.59,,2026-06-01,
Louis Vuitton,1885012,,750,,,130,82,1.59,,2026-06-01,
Louis Vuitton,1885052,,850,,,130,82,1.59,,2026-06-01,
Louis Vuitton,1885053,,795,,,130,82,1.59,,2026-06-01,
Louis Vuitton,1885056,,760,,,130,82,1.59,,2026-06-01,
Louis Vuitton,1886209,,6075,,,140,88,1.59,,2026-05-22,
Louis Vuitton,1891143,,840,,,130,82,1.59,,2026-06-01,
Louis Vuitton,1904951,,1735,,,116,73,1.59,,2026-06-15,
Louis Vuitton,1905695,,1450,,,116,73,1.59,,2026-06-15,
Bottega Veneta,1868970,,695,,,164,103,1.59,,2026-04-28,
Bottega Veneta,1889637,,1800,,,127,80,1.59,,2026-06-04,
Bottega Veneta,1905263,,2295,,,118,74,1.59,,2026-06-13,
Celine,1836333,,695,,,195,123,1.59,,2026-03-28,
Hermès,1848379,,5495,,,183,116,1.58,,2026-04-09,
Hermès,1859935,,10995,,,175,111,1.58,Lindy,2026-04-17,
Hermès,1886425,,21995,,,139,88,1.58,Kelly,2026-05-23,
Chanel,1804646,,2845,,,206,130,1.58,,2026-03-17,
Chanel,1835480,,2995,,,206,130,1.58,Boy,2026-03-17,
Chanel,1838641,,2995,,,205,130,1.58,Wallet On Chain,2026-03-18,
Chanel,1847722,,5295,,,185,117,1.58,Boy,2026-04-07,
Chanel,1879757,,8295,,,141,89,1.58,,2026-05-21,
Chanel,1886967,,7495,,,141,89,1.58,Double Flap,2026-05-21,
Chanel,1887088,,7215,,,141,89,1.58,,2026-05-21,
Louis Vuitton,1875014,,2205,,,123,78,1.58,,2026-06-08,
Louis Vuitton,1887446,,6000,,,139,88,1.58,,2026-05-23,
Louis Vuitton,1889322,,2515,,,139,88,1.58,,2026-05-23,
Louis Vuitton,1894622,,1850,,,123,78,1.58,,2026-06-08,
Louis Vuitton,1904415,,1440,,,115,73,1.58,,2026-06-16,
Louis Vuitton,1905965,,1595,,,115,73,1.58,Alma,2026-06-16,
Cartier,1902942,,1095,,,114,72,1.58,,2026-06-17,
Hermès,1863824,,9995,,,174,111,1.57,,2026-04-18,
Hermès,1876045,,12995,,,154,98,1.57,Constance,2026-05-08,
Chanel,1842155,,2195,,,199,127,1.57,,2026-03-24,
Chanel,1848753,,6095,,,184,117,1.57,,2026-04-08,
Chanel,1859759,,4035,,,171,109,1.57,Boy,2026-04-21,
Chanel,1862026,,3595,,,171,109,1.57,,2026-04-21,
Chanel,1887387,,7595,,,140,89,1.57,,2026-05-22,
Chanel,1887586,,10795,,,140,89,1.57,,2026-05-22,
Chanel,1888117,,7195,,,140,89,1.57,,2026-05-22,
Louis Vuitton,1876328,,795,,,129,82,1.57,Speedy,2026-06-02,
Louis Vuitton,1876981,,1255,,,130,83,1.57,Neverfull,2026-06-01,
Louis Vuitton,1884967,,555,,,129,82,1.57,,2026-06-02,
Louis Vuitton,1886029,,1255,,,130,83,1.57,Neverfull,2026-06-01,
Louis Vuitton,1890008,,1195,,,130,83,1.57,,2026-06-01,
Goyard,1917926,,2635,,,102,65,1.57,,2026-06-29,
Dior,1859555,,1895,,,151,96,1.57,,2026-05-11,
Dior,1877432,,1885,,,151,96,1.57,,2026-05-11,
Cartier,1901486,,1050,,,113,72,1.57,,2026-06-18,
Cartier,1910879,,4550,,,99,63,1.57,,2026-07-02,
Prada,1907605,,1485,,,107,68,1.57,,2026-06-24,
Bottega Veneta,1890919,,3795,,,127,81,1.57,Jodie,2026-06-04,
Celine,1910275,,2035,,,107,68,1.57,,2026-06-24,
Chanel,1836983,,3450,,,203,130,1.56,Boy,2026-03-20,
Chanel,1843901,,5500,,,183,117,1.56,,2026-04-09,
Chanel,1855823,,5595,,,182,117,1.56,,2026-04-10,
Chanel,1858218,,4495,,,170,109,1.56,,2026-04-22,
Louis Vuitton,1835358,,1790,,,122,78,1.56,,2026-06-09,
Louis Vuitton,1874160,,1495,,,114,73,1.56,,2026-06-17,
Louis Vuitton,1875000,,2230,,,122,78,1.56,,2026-06-09,
Louis Vuitton,1878980,,925,,,128,82,1.56,,2026-06-03,
Louis Vuitton,1892915,,1795,,,122,78,1.56,Alma,2026-06-09,
Goyard,1912742,,2695,,,109,70,1.56,Belvedere,2026-06-22,
Celine,1873288,,1295,,,151,97,1.56,,2026-05-11,
Hermès,1841092,,2395,,,203,131,1.55,,2026-03-20,
Chanel,1838552,,2195,,,197,127,1.55,,2026-03-26,
Chanel,1842442,,3595,,,169,109,1.55,,2026-04-23,
Chanel,1851340,,5850,,,181,117,1.55,Double Flap,2026-04-11,
Chanel,1852744,,5605,,,181,117,1.55,,2026-04-11,
Chanel,1854030,,3595,,,169,109,1.55,,2026-04-23,
Chanel,1855058,,4925,,,181,117,1.55,Chanel 19,2026-04-11,
Chanel,1856741,,5485,,,181,117,1.55,,2026-04-11,
Chanel,1859275,,4250,,,169,109,1.55,Boy,2026-04-23,
Chanel,1861858,,4350,,,169,109,1.55,Wallet On Chain,2026-04-23,
Louis Vuitton,1882983,,2065,,,121,78,1.55,,2026-06-10,
Louis Vuitton,1891847,,1995,,,121,78,1.55,,2026-06-10,
Louis Vuitton,1892606,,2095,,,121,78,1.55,,2026-06-10,
Louis Vuitton,1908921,,1610,,,113,73,1.55,Pochette Metis,2026-06-18,
Chanel,1861293,,3495,,,168,109,1.54,,2026-04-24,
Louis Vuitton,1882909,,1195,,,128,83,1.54,,2026-06-03,
Goyard,1884017,,3550,,,134,87,1.54,,2026-05-28,
Dior,1879408,,2750,,,134,87,1.54,Saddle,2026-05-28,
Cartier,1891408,,3395,,,125,81,1.54,,2026-06-06,
Cartier,1903111,,1665,,,106,69,1.54,,2026-06-25,
Cartier,1903569,,1195,,,111,72,1.54,,2026-06-20,
Cartier,1906061,,1325,,,106,69,1.54,,2026-06-25,
Cartier,1906961,,4795,,,97,63,1.54,,2026-07-04,
Prada,1916208,,1525,,,105,68,1.54,Re-Edition,2026-06-26,
Bottega Veneta,1880549,,1495,,,148,96,1.54,,2026-05-14,
Bottega Veneta,1895356,,1995,,,123,80,1.54,,2026-06-08,
Bottega Veneta,1907947,,2095,,,114,74,1.54,,2026-06-17,
Hermès,1849863,,3195,,,178,116,1.53,,2026-04-14,
Hermès,1884257,,23995,,,135,88,1.53,Birkin 30,2026-05-27,
Chanel,1819659,,2995,,,199,130,1.53,,2026-03-24,
Chanel,1856526,,4650,,,179,117,1.53,Chanel 19,2026-04-13,
Chanel,1862841,,3695,,,167,109,1.53,,2026-04-25,
Chanel,1865734,,4250,,,167,109,1.53,Boy,2026-04-25,
Chanel,1889589,,7095,,,136,89,1.53,Double Flap,2026-05-26,
Louis Vuitton,1882991,,2795,,,135,88,1.53,,2026-05-27,
Louis Vuitton,1902567,,1950,,,119,78,1.53,Neverfull,2026-06-12,
Louis Vuitton,1903708,,2095,,,119,78,1.53,Speedy,2026-06-12,
Louis Vuitton,1903756,,2250,,,119,78,1.53,,2026-06-12,
Louis Vuitton,1903934,,1995,,,119,78,1.53,,2026-06-12,
Louis Vuitton,1909635,,1470,,,112,73,1.53,,2026-06-19,
Louis Vuitton,1910170,,1355,,,112,73,1.53,,2026-06-19,
Louis Vuitton,1911291,,1400,,,112,73,1.53,Neverfull,2026-06-19,
Louis Vuitton,1911375,,1400,,,112,73,1.53,,2026-06-19,
Dior,1878949,,950,,,150,98,1.53,,2026-05-12,
Bottega Veneta,1793816,,1195,,,147,96,1.53,,2026-05-15,
Bottega Veneta,1883389,,1420,,,147,96,1.53,Cassette,2026-05-15,
Bottega Veneta,1902445,,2335,,,113,74,1.53,,2026-06-18,
Celine,1910402,,1695,,,104,68,1.53,Triomphe,2026-06-27,
Hermès,1826798,,2585,,,199,131,1.52,,2026-03-24,
Hermès,1837602,,26995,,,134,88,1.52,Birkin 25,2026-05-28,
Hermès,1848890,,5595,,,176,116,1.52,,2026-04-16,
Hermès,1865327,,16995,,,149,98,1.52,Birkin 30,2026-05-13,
Chanel,1838704,,3150,,,198,130,1.52,,2026-03-25,
Chanel,1841834,,3350,,,197,130,1.52,,2026-03-26,
Chanel,1854943,,5395,,,178,117,1.52,Chanel 19,2026-04-14,
Chanel,1855615,,4650,,,178,117,1.52,Chanel 19,2026-04-14,
Chanel,1887150,,16795,,,135,89,1.52,,2026-05-27,
Louis Vuitton,1893029,,850,,,125,82,1.52,,2026-06-06,
Louis Vuitton,1894145,,750,,,125,82,1.52,,2026-06-06,
Louis Vuitton,1911361,,1655,,,111,73,1.52,,2026-06-20,
Louis Vuitton,1911891,,1450,,,111,73,1.52,Speedy,2026-06-20,
Louis Vuitton,1912682,,1595,,,111,73,1.52,,2026-06-20,
Louis Vuitton,1912747,,1495,,,111,73,1.52,Pochette Metis,2026-06-20,
Dior,1857926,,2075,,,179,118,1.52,Saddle,2026-04-13,
Prada,1910359,,945,,,108,71,1.52,Galleria,2026-06-23,
Hermès,1855544,,3995,,,175,116,1.51,,2026-04-17,
Hermès,1864391,,3850,,,175,116,1.51,,2026-04-17,
Hermès,1872143,,6595,,,168,111,1.51,,2026-04-24,
Hermès,1882331,,16995,,,148,98,1.51,Birkin 30,2026-05-14,
Hermès,1884441,,25995,,,133,88,1.51,Birkin 30,2026-05-29,
Chanel,1836510,,2395,,,192,127,1.51,,2026-03-31,
Chanel,1840711,,3450,,,196,130,1.51,Boy,2026-03-27,
Chanel,1846341,,3195,,,196,130,1.51,,2026-03-27,
Chanel,1857725,,5125,,,177,117,1.51,,2026-04-15,
Chanel,1860116,,6295,,,177,117,1.51,,2026-04-15,
Chanel,1867070,,4270,,,165,109,1.51,,2026-04-27,
Chanel,1867986,,3825,,,165,109,1.51,Boy,2026-04-27,
Chanel,1882528,,10995,,,134,89,1.51,,2026-05-28,
The Row,1901276,,1175,,,122,81,1.51,,2026-06-09,
Louis Vuitton,1893046,,995,,,125,83,1.51,Speedy,2026-06-06,
Louis Vuitton,1894119,,1100,,,125,83,1.51,Neverfull,2026-06-06,
Louis Vuitton,1894352,,1185,,,125,83,1.51,,2026-06-06,
Louis Vuitton,1904942,,2105,,,118,78,1.51,,2026-06-13,
Cartier,1895421,,1895,,,122,81,1.51,,2026-06-09,
Hermès,1864478,,8995,,,167,111,1.5,Constance,2026-04-25,
Chanel,1845806,,4995,,,176,117,1.5,,2026-04-16,
Chanel,1848128,,1795,,,191,127,1.5,,2026-04-01,
Chanel,1857645,,6455,,,176,117,1.5,,2026-04-16,
Chanel,1858226,,4195,,,164,109,1.5,,2026-04-28,
Bottega Veneta,1869249,,595,,,155,103,1.5,,2026-05-07,
Celine,1841512,,850,,,185,123,1.5,Triomphe,2026-04-07,
