date,brand,keyword,monthly_searches
2026-08-07,Hermès,hermes bag,110000
2026-08-07,Chanel,chanel bag,450000
2026-08-07,Louis Vuitton,louis vuitton bag,823000
2026-08-07,Goyard,goyard bag,368000
2026-08-07,Dior,dior bag,135000
2026-08-07,Fendi,fendi bag,60500
2026-08-07,Cartier,cartier,673000
2026-08-07,Rolex,rolex,823000
2026-08-07,The Row,the row bag,33100
2026-08-08,Hermès,hermes bag,110000
2026-08-08,Chanel,chanel bag,450000
2026-08-08,Louis Vuitton,louis vuitton bag,823000
2026-08-08,Goyard,goyard bag,368000
2026-08-08,Dior,dior bag,135000
2026-08-08,Fendi,fendi bag,60500
2026-08-08,Cartier,cartier,673000
2026-08-08,Rolex,rolex,823000
2026-08-08,The Row,the row bag,33100
2026-08-09,Hermès,hermes bag,110000
2026-08-09,Chanel,chanel bag,450000
2026-08-09,Louis Vuitton,louis vuitton bag,823000
2026-08-09,Goyard,goyard bag,368000
2026-08-09,Dior,dior bag,135000
2026-08-09,Fendi,fendi bag,60500
2026-08-09,Cartier,cartier,673000
2026-08-09,Rolex,rolex,823000
2026-08-09,The Row,the row bag,33100
2026-08-10,Hermès,hermes bag,110000
2026-08-10,Chanel,chanel bag,450000
2026-08-10,Louis Vuitton,louis vuitton bag,823000
2026-08-10,Goyard,goyard bag,368000
2026-08-10,Dior,dior bag,135000
2026-08-10,Fendi,fendi bag,60500
2026-08-10,Cartier,cartier,673000
2026-08-10,Rolex,rolex,823000
2026-08-10,The Row,the row bag,33100
2026-08-11,Hermès,hermes bag,110000
2026-08-11,Chanel,chanel bag,450000
2026-08-11,Louis Vuitton,louis vuitton bag,823000
2026-08-11,Goyard,goyard bag,368000
2026-08-11,Dior,dior bag,135000
2026-08-11,Fendi,fendi bag,60500
2026-08-11,Cartier,cartier,673000
2026-08-11,Rolex,rolex,823000
2026-08-11,The Row,the row bag,33100
2026-08-13,Hermès,hermes bag,110000
2026-08-13,Chanel,chanel bag,450000
2026-08-13,Louis Vuitton,louis vuitton bag,823000
2026-08-13,Goyard,goyard bag,368000
2026-08-13,Dior,dior bag,135000
2026-08-13,Fendi,fendi bag,60500
2026-08-13,Cartier,cartier,673000
2026-08-13,Rolex,rolex,823000
2026-08-13,The Row,the row bag,33100
2026-08-14,Hermès,hermes bag,110000
2026-08-14,Chanel,chanel bag,450000
2026-08-14,Louis Vuitton,louis vuitton bag,823000
2026-08-14,Goyard,goyard bag,450000
2026-08-14,Dior,dior bag,135000
2026-08-14,Fendi,fendi bag,60500
2026-08-14,Cartier,cartier,673000
2026-08-14,Rolex,rolex,823000
2026-08-14,The Row,the row bag,33100
2026-08-15,Hermès,hermes bag,110000
2026-08-15,Chanel,chanel bag,450000
2026-08-15,Louis Vuitton,louis vuitton bag,823000
2026-08-15,Goyard,goyard bag,450000
2026-08-15,Dior,dior bag,135000
2026-08-15,Fendi,fendi bag,60500
2026-08-15,Cartier,cartier,673000
2026-08-15,Rolex,rolex,823000
2026-08-15,The Row,the row bag,33100
2026-08-16,Hermès,hermes bag,110000
2026-08-16,Chanel,chanel bag,450000
2026-08-16,Louis Vuitton,louis vuitton bag,823000
2026-08-16,Goyard,goyard bag,450000
2026-08-16,Dior,dior bag,135000
2026-08-16,Fendi,fendi bag,60500
2026-08-16,Cartier,cartier,673000
2026-08-16,Rolex,rolex,823000
2026-08-16,The Row,the row bag,33100
2026-08-17,Hermès,hermes bag,110000
2026-08-17,Chanel,chanel bag,450000
2026-08-17,Louis Vuitton,louis vuitton bag,823000
2026-08-17,Goyard,goyard bag,450000
2026-08-17,Dior,dior bag,135000
2026-08-17,Fendi,fendi bag,60500
2026-08-17,Cartier,cartier,673000
2026-08-17,Rolex,rolex,823000
2026-08-17,The Row,the row bag,33100
2026-08-18,Hermès,hermes bag,110000
2026-08-18,Chanel,chanel bag,450000
2026-08-18,Louis Vuitton,louis vuitton bag,823000
2026-08-18,Goyard,goyard bag,450000
2026-08-18,Dior,dior bag,135000
2026-08-18,Fendi,fendi bag,60500
2026-08-18,Cartier,cartier,673000
2026-08-18,Rolex,rolex,823000
2026-08-18,The Row,the row bag,33100
2026-08-19,Hermès,hermes bag,110000
2026-08-19,Chanel,chanel bag,450000
2026-08-19,Louis Vuitton,louis vuitton bag,823000
2026-08-19,Goyard,goyard bag,450000
2026-08-19,Dior,dior bag,135000
2026-08-19,Fendi,fendi bag,60500
2026-08-19,Cartier,cartier,673000
2026-08-19,Rolex,rolex,823000
2026-08-19,The Row,the row bag,33100
2026-08-20,Hermès,hermes bag,110000
2026-08-20,Chanel,chanel bag,450000
2026-08-20,Louis Vuitton,louis vuitton bag,823000
2026-08-20,Goyard,goyard bag,450000
2026-08-20,Dior,dior bag,135000
2026-08-20,Fendi,fendi bag,60500
2026-08-20,Cartier,cartier,673000
2026-08-20,Rolex,rolex,823000
2026-08-20,The Row,the row bag,33100
2026-08-21,Hermès,hermes bag,110000
2026-08-21,Chanel,chanel bag,450000
2026-08-21,Louis Vuitton,louis vuitton bag,823000
2026-08-21,Goyard,goyard bag,450000
2026-08-21,Dior,dior bag,135000
2026-08-21,Fendi,fendi bag,60500
2026-08-21,Cartier,cartier,673000
2026-08-21,Rolex,rolex,823000
2026-08-21,The Row,the row bag,33100
2026-08-22,Hermès,hermes bag,110000
2026-08-22,Chanel,chanel bag,450000
2026-08-22,Louis Vuitton,louis vuitton bag,823000
2026-08-22,Goyard,goyard bag,450000
2026-08-22,Dior,dior bag,135000
2026-08-22,Fendi,fendi bag,60500
2026-08-22,Cartier,cartier,673000
2026-08-22,Rolex,rolex,823000
2026-08-22,The Row,the row bag,33100
2026-08-23,Hermès,hermes bag,110000
2026-08-23,Chanel,chanel bag,450000
2026-08-23,Louis Vuitton,louis vuitton bag,823000
2026-08-23,Goyard,goyard bag,450000
2026-08-23,Dior,dior bag,135000
2026-08-23,Fendi,fendi bag,60500
2026-08-23,Cartier,cartier,673000
2026-08-23,Rolex,rolex,823000
2026-08-23,The Row,the row bag,33100
2026-08-24,Hermès,hermes bag,110000
2026-08-24,Chanel,chanel bag,450000
2026-08-24,Louis Vuitton,louis vuitton bag,823000
2026-08-24,Goyard,goyard bag,450000
2026-08-24,Dior,dior bag,135000
2026-08-24,Fendi,fendi bag,60500
2026-08-24,Cartier,cartier,673000
2026-08-24,Rolex,rolex,823000
2026-08-24,The Row,the row bag,33100
2026-08-25,Hermès,hermes bag,110000
2026-08-25,Chanel,chanel bag,450000
2026-08-25,Louis Vuitton,louis vuitton bag,823000
2026-08-25,Goyard,goyard bag,450000
2026-08-25,Dior,dior bag,135000
2026-08-25,Fendi,fendi bag,60500
2026-08-25,Cartier,cartier,673000
2026-08-25,Rolex,rolex,823000
2026-08-25,The Row,the row bag,33100
2026-08-26,Hermès,hermes bag,110000
2026-08-26,Chanel,chanel bag,450000
2026-08-26,Louis Vuitton,louis vuitton bag,823000
2026-08-26,Goyard,goyard bag,450000
2026-08-26,Dior,dior bag,135000
2026-08-26,Fendi,fendi bag,60500
2026-08-26,Cartier,cartier,673000
2026-08-26,Rolex,rolex,823000
2026-08-26,The Row,the row bag,33100
2026-08-27,Hermès,hermes bag,110000
2026-08-27,Chanel,chanel bag,450000
2026-08-27,Louis Vuitton,louis vuitton bag,823000
2026-08-27,Goyard,goyard bag,450000
2026-08-27,Dior,dior bag,135000
2026-08-27,Fendi,fendi bag,60500
2026-08-27,Cartier,cartier,673000
2026-08-27,Rolex,rolex,823000
2026-08-27,The Row,the row bag,33100
2026-08-28,Hermès,hermes bag,110000
2026-08-28,Chanel,chanel bag,450000
2026-08-28,Louis Vuitton,louis vuitton bag,823000
2026-08-28,Goyard,goyard bag,450000
2026-08-28,Dior,dior bag,135000
2026-08-28,Fendi,fendi bag,60500
2026-08-28,Cartier,cartier,673000
2026-08-28,Rolex,rolex,823000
2026-08-28,The Row,the row bag,33100
2026-08-29,Hermès,hermes bag,110000
2026-08-29,Chanel,chanel bag,450000
2026-08-29,Louis Vuitton,louis vuitton bag,823000
2026-08-29,Goyard,goyard bag,450000
2026-08-29,Dior,dior bag,135000
2026-08-29,Fendi,fendi bag,60500
2026-08-29,Cartier,cartier,673000
2026-08-29,Rolex,rolex,823000
2026-08-29,The Row,the row bag,33100
2026-08-30,Hermès,hermes bag,110000
2026-08-30,Chanel,chanel bag,450000
2026-08-30,Louis Vuitton,louis vuitton bag,823000
2026-08-30,Goyard,goyard bag,450000
2026-08-30,Dior,dior bag,135000
2026-08-30,Fendi,fendi bag,60500
2026-08-30,Cartier,cartier,673000
2026-08-30,Rolex,rolex,823000
2026-08-30,The Row,the row bag,33100
