brand,scarcity,demand_z,supply_z,turnover_pct,median_price,median_days_to_sell,listings,interest
Hermès,3.69,0.53,-3.16,5.45,6895,39,2527,1.0722
Cartier,3.2,1.57,-1.63,6.25,2395,51,430,0.9956
Louis Vuitton,3.19,0,-3.19,4,1495,26,7376,1.4806
Bottega Veneta,2.23,-0.42,-2.65,3.45,1525,50,628,0.1532
Dior,2.22,-0.03,-2.25,4.03,2195,29,1083,1.4551
Prada,2.17,-0.72,-2.89,5.68,1250,24,646,1.1232
Chanel,2.03,4.06,2.03,4.32,3985,48,7253,2.2209
The Row,1.4,-0.62,-2.02,7.43,1975,27,139,0.0255
Goyard,1.37,-1.22,-2.59,6.4,2650,38,321,0.3063
Celine,0.83,-0.36,-1.19,3.05,1420,47,579,0.5846
Rolex,-1.73,-1.37,0.36,,,,,1.5827
Fendi,,,-2.06,6.53,1375,34,661,
